sequence_id,sequence_5to3,sequence_length_nt,dna_or_rna,search_region_5to3,left_flank,right_flank,family_id,parent_sequence_id,is_lead,is_variant,variant_type,source_count,record_count,has_glyphosate_positive,has_glyphosate_negative,has_counter_target_activity,max_confidence_tier,notes
src_chergui2021::CHERGUI_GlyP_1,GGACAGCTGGCCGCGTAGCGAGACACGTACAAGGTACTATACGGCTGGCATATGTATCTG,60,DNA,GGACAGCTGGCCGCGTAGCGAGACACGTACAAGGTACTATACGGCTGGCATATGTATCTG,,,,,no,no,,1,3,yes,no,no,high,aliases=src_chergui2021::CHERGUI_GlyP_1
src_chergui2021::CHERGUI_GlyP_14,ACACACCACAACGTAGTATGTAGACACATGCCGTGAGCTGTGTCTGGTTTGTCGTACCTG,60,DNA,ACACACCACAACGTAGTATGTAGACACATGCCGTGAGCTGTGTCTGGTTTGTCGTACCTG,,,,,no,no,,1,1,yes,no,no,medium,aliases=src_chergui2021::CHERGUI_GlyP_14
src_chergui2021::CHERGUI_GlyP_18,GGGCGGGAAAGACGCAGACGCGAAGAAGATGCATAGTACGGGGTTAGACAGATAAGCCGT,60,DNA,GGGCGGGAAAGACGCAGACGCGAAGAAGATGCATAGTACGGGGTTAGACAGATAAGCCGT,,,,,no,no,,1,1,yes,no,no,medium,aliases=src_chergui2021::CHERGUI_GlyP_18
src_chergui2021::CHERGUI_GlyP_1_7,AGGTCGACGAATAACGTAGCGTGCATCTAATGGTATAGTAGGTCGGCTCAAGGGGTTGTG,60,DNA,AGGTCGACGAATAACGTAGCGTGCATCTAATGGTATAGTAGGTCGGCTCAAGGGGTTGTG,,,,,no,no,,1,1,yes,no,no,medium,aliases=src_chergui2021::CHERGUI_GlyP_1_7
src_chergui2021::CHERGUI_GlyP_2,GTATCACTGGGACAACTGGTGTGAAAGGTCGGAAGCAGACCTACACTCACAAGGGATGTG,60,DNA,GTATCACTGGGACAACTGGTGTGAAAGGTCGGAAGCAGACCTACACTCACAAGGGATGTG,,,,,no,no,,1,3,yes,no,no,high,aliases=src_chergui2021::CHERGUI_GlyP_2
src_chergui2021::CHERGUI_GlyP_6,GTGGGGACCTATATGGGTCGAGGCGGGAAAAGGGGGATTGCTACGGACCCGCTGAACATG,60,DNA,GTGGGGACCTATATGGGTCGAGGCGGGAAAAGGGGGATTGCTACGGACCCGCTGAACATG,,,,,no,no,,1,3,yes,no,no,high,aliases=src_chergui2021::CHERGUI_GlyP_6
src_kr101338520b1::KR101_G1,CGTACGGAATTCGCTAGCGCCCATCCTGTTGGTGTGGTATGTGTGTTGTGCCCTCGGATCCGAGCTCCACGTG,73,DNA,GCCCATCCTGTTGGTGTGGTATGTGTGTTGTGCCCTC,CGTACGGAATTCGCTAGC,GGATCCGAGCTCCACGTG,kr101_seqgrp_013,,no,no,,1,1,no,no,no,medium,aliases=src_kr101338520b1::KR101_G1
src_kr101338520b1::KR101_G11,CGTACGGAATTCGCTAGCAGGGGTCCTGGGTGGGATGTATGCAGATGGGGACAGTACCGGATCCGAGCTCCACGTG,76,DNA,AGGGGTCCTGGGTGGGATGTATGCAGATGGGGACAGTACC,CGTACGGAATTCGCTAGC,GGATCCGAGCTCCACGTG,kr101_seqgrp_006,,no,no,,1,2,no,no,no,low,aliases=src_kr101338520b1::KR101_G11|src_kr101338520b1::KR101_G8
src_kr101338520b1::KR101_G12,CGTACGGAATTCGCTAGCAGTGTACACAGACCAAACCATCGCCCAAATGTCAGACCTCGGATCCGAGCTCCACGTG,76,DNA,AGTGTACACAGACCAAACCATCGCCCAAATGTCAGACCTC,CGTACGGAATTCGCTAGC,GGATCCGAGCTCCACGTG,kr101_seqgrp_007,,no,no,,1,1,no,no,no,medium,aliases=src_kr101338520b1::KR101_G12
src_kr101338520b1::KR101_G13,CGTACGGAATTCGCTAGCTGCGAAGGGGGGGTATACAGTGTGGGTAGTCATGGGCGGGATCCGAGCTCCACGTG,74,DNA,TGCGAAGGGGGGGTATACAGTGTGGGTAGTCATGGGCG,CGTACGGAATTCGCTAGC,GGATCCGAGCTCCACGTG,kr101_seqgrp_018,,no,no,,1,1,no,no,no,low,aliases=src_kr101338520b1::KR101_G13
src_kr101338520b1::KR101_G14,CGTACGGAATTCGCTAGCAGGAGTTGGGTATGGGTGGGATATCCTCATACGAGGCTGGGATCCGAGCTCCACGTG,75,DNA,AGGAGTTGGGTATGGGTGGGATATCCTCATACGAGGCTG,CGTACGGAATTCGCTAGC,GGATCCGAGCTCCACGTG,kr101_seqgrp_005,,no,no,,1,1,no,no,no,medium,aliases=src_kr101338520b1::KR101_G14
src_kr101338520b1::KR101_G15,CGTACGGAATTCGCTAGCAGAGGGATGGTGTGGGTGGCTGCGGCTATAGGAGCGTACCGGATCCGAGCTCCACGTG,76,DNA,AGAGGGATGGTGTGGGTGGCTGCGGCTATAGGAGCGTACC,CGTACGGAATTCGCTAGC,GGATCCGAGCTCCACGTG,kr101_seqgrp_004,,no,no,,1,3,no,no,no,medium,aliases=src_kr101338520b1::KR101_G15
src_kr101338520b1::KR101_G16,CGTACGGAATTCGCTAGCTAGGCTCGTCGGGTGGTGGGGGGGGACTGTGGGTAGTTAGGATCCGAGCTCCACGTG,75,DNA,TAGGCTCGTCGGGTGGTGGGGGGGGACTGTGGGTAGTTA,CGTACGGAATTCGCTAGC,GGATCCGAGCTCCACGTG,kr101_seqgrp_016,,no,no,,1,1,no,no,no,low,aliases=src_kr101338520b1::KR101_G16
src_kr101338520b1::KR101_G18,CGTACGGAATTCGCTAGCAACATCCACCCATATACACTACACCTTGCGCCCATATACAGGATCCGAGCTCCACGTG,76,DNA,AACATCCACCCATATACACTACACCTTGCGCCCATATACA,CGTACGGAATTCGCTAGC,GGATCCGAGCTCCACGTG,kr101_seqgrp_002,,no,no,,1,1,no,no,no,medium,aliases=src_kr101338520b1::KR101_G18
src_kr101338520b1::KR101_G19,CGTACGGAATTCGCTAGCTGGGGTTGGGTTGGGATGGCTGTGGTGTGTGTATAGTAATGGATCCGAGCTCCACGTG,76,DNA,TGGGGTTGGGTTGGGATGGCTGTGGTGTGTGTATAGTAAT,CGTACGGAATTCGCTAGC,GGATCCGAGCTCCACGTG,kr101_seqgrp_020,,no,no,,1,1,no,no,no,medium,aliases=src_kr101338520b1::KR101_G19
src_kr101338520b1::KR101_G2,CGTACGGAATTCGCTAGCACATGACAACATACCGGTCGAACGTCGCACATCCGCACCAGGATCCGAGCTCCACGTG,76,DNA,ACATGACAACATACCGGTCGAACGTCGCACATCCGCACCA,CGTACGGAATTCGCTAGC,GGATCCGAGCTCCACGTG,kr101_seqgrp_003,,no,no,,1,1,no,no,no,medium,aliases=src_kr101338520b1::KR101_G2
src_kr101338520b1::KR101_G20,CGTACGGAATTCGCTAGCATATGGAGGGGCGGGCTGGGCTATGACGAAGCGCAGAATGGGATCCGAGCTCCACGTG,76,DNA,ATATGGAGGGGCGGGCTGGGCTATGACGAAGCGCAGAATG,CGTACGGAATTCGCTAGC,GGATCCGAGCTCCACGTG,kr101_seqgrp_008,,no,no,,1,1,no,no,no,medium,aliases=src_kr101338520b1::KR101_G20
src_kr101338520b1::KR101_G21,CGTACGGAATTCGCTAGCTGGGTAGTATGAAGGGTGGGTGGTGGGTAGAGTCTGTCTGGGATCCGAGCTCCACGTG,76,DNA,TGGGTAGTATGAAGGGTGGGTGGTGGGTAGAGTCTGTCTG,CGTACGGAATTCGCTAGC,GGATCCGAGCTCCACGTG,kr101_seqgrp_021,,no,no,,1,1,no,no,no,low,aliases=src_kr101338520b1::KR101_G21
src_kr101338520b1::KR101_G22,CGTACGGAATTCGCTAGCAACACCATATCCCATGCCCGCCTCCATGTGCTCTCTATCCGGATCCGAGCTCCACGTG,76,DNA,AACACCATATCCCATGCCCGCCTCCATGTGCTCTCTATCC,CGTACGGAATTCGCTAGC,GGATCCGAGCTCCACGTG,kr101_seqgrp_001,,no,no,,1,1,no,no,no,medium,aliases=src_kr101338520b1::KR101_G22
src_kr101338520b1::KR101_G23,CGTACGGAATTCGCTAGCCATAGTGCGGGGGTAGGGGTTGGGGGGGGTGCCGAGTACAGGATCCGAGCTCCACGTG,76,DNA,CATAGTGCGGGGGTAGGGGTTGGGGGGGGTGCCGAGTACA,CGTACGGAATTCGCTAGC,GGATCCGAGCTCCACGTG,kr101_seqgrp_011,,no,no,,1,1,no,no,no,low,aliases=src_kr101338520b1::KR101_G23
src_kr101338520b1::KR101_G25,CGTACGGAATTCGCTAGCTGTGGGTGGTGGGGGGGTGTGATGGTAGAACGAGATGCTAGGATCCGAGCTCCACGTG,76,DNA,TGTGGGTGGTGGGGGGGTGTGATGGTAGAACGAGATGCTA,CGTACGGAATTCGCTAGC,GGATCCGAGCTCCACGTG,kr101_seqgrp_025,,no,no,,1,1,no,no,no,low,aliases=src_kr101338520b1::KR101_G25
src_kr101338520b1::KR101_G27,CGTACGGAATTCGCTAGCCAGCAATGCATGCAGACAAGACCGTCCCAGACCGTGCCCAGGATCCGAGCTCCACGTG,76,DNA,CAGCAATGCATGCAGACAAGACCGTCCCAGACCGTGCCCA,CGTACGGAATTCGCTAGC,GGATCCGAGCTCCACGTG,kr101_seqgrp_010,,no,no,,1,1,no,no,no,medium,aliases=src_kr101338520b1::KR101_G27
src_kr101338520b1::KR101_G28,CGTACGGAATTCGCTAGCCGTGGTCGACGGGAGGGGGAGGTGGGTGGTGGTATGAGTGGGATCCGAGCTCCACGTG,76,DNA,CGTGGTCGACGGGAGGGGGAGGTGGGTGGTGGTATGAGTG,CGTACGGAATTCGCTAGC,GGATCCGAGCTCCACGTG,kr101_seqgrp_012,,no,no,,1,1,no,no,no,medium,aliases=src_kr101338520b1::KR101_G28
src_kr101338520b1::KR101_G29,CGTACGGAATTCGCTAGCTCGAGGTGGGTGGGGGGGGTATGTGGTGCAGCCAAGCAACGGATCCGAGCTCCACGTG,76,DNA,TCGAGGTGGGTGGGGGGGGTATGTGGTGCAGCCAAGCAAC,CGTACGGAATTCGCTAGC,GGATCCGAGCTCCACGTG,kr101_seqgrp_017,,no,no,,1,1,no,no,no,low,aliases=src_kr101338520b1::KR101_G29
src_kr101338520b1::KR101_G3,CGTACGGAATTCGCTAGCGGTGGTGGGGGCTATCCGAGGAGGGTGGTCTGGCGGTTGTGGATCCGAGCTCCACGTG,76,DNA,GGTGGTGGGGGCTATCCGAGGAGGGTGGTCTGGCGGTTGT,CGTACGGAATTCGCTAGC,GGATCCGAGCTCCACGTG,kr101_seqgrp_014,,no,no,,1,1,no,no,no,medium,aliases=src_kr101338520b1::KR101_G3
src_kr101338520b1::KR101_G30,CGTACGGAATTCGCTAGCTGTCGCTTACTCTCTGTGGAGTCTCTGGGTGGATCCGAGCTCCACGTG,66,DNA,TGTCGCTTACTCTCTGTGGAGTCTCTGGGT,CGTACGGAATTCGCTAGC,GGATCCGAGCTCCACGTG,kr101_seqgrp_023,,no,no,,1,1,no,no,no,medium,aliases=src_kr101338520b1::KR101_G30
src_kr101338520b1::KR101_G32,CGTACGGAATTCGCTAGCTGGTGGGGGCGGGGTGGGGTGGAAAAGTAACGTGCAGTTAGGATCCGAGCTCCACGTG,76,DNA,TGGTGGGGGCGGGGTGGGGTGGAAAAGTAACGTGCAGTTA,CGTACGGAATTCGCTAGC,GGATCCGAGCTCCACGTG,kr101_seqgrp_022,,no,no,,1,1,no,no,no,medium,aliases=src_kr101338520b1::KR101_G32
src_kr101338520b1::KR101_G33,CGTACGGAATTCGCTAGCTGTGGGTGGAGGGGCCGGGGATGGATGGTGATACGTAATGGGATCCGAGCTCCACGTG,76,DNA,TGTGGGTGGAGGGGCCGGGGATGGATGGTGATACGTAATG,CGTACGGAATTCGCTAGC,GGATCCGAGCTCCACGTG,kr101_seqgrp_024,,no,no,,1,1,no,no,no,medium,aliases=src_kr101338520b1::KR101_G33
src_kr101338520b1::KR101_G34,CGTACGGAATTCGCTAGCATCGTACGCACACACATGGCATAATCATACACATACAACCGGATCCGAGCTCCACGTG,76,DNA,ATCGTACGCACACACATGGCATAATCATACACATACAACC,CGTACGGAATTCGCTAGC,GGATCCGAGCTCCACGTG,kr101_seqgrp_009,,no,no,,1,1,no,no,no,medium,aliases=src_kr101338520b1::KR101_G34
src_kr101338520b1::KR101_G4,CGTACGGAATTCGCTAGCTGGCATACATGTGCTACCTACGCCTACTGATTATAGACTCGGATCCGAGCTCCACGTG,76,DNA,TGGCATACATGTGCTACCTACGCCTACTGATTATAGACTC,CGTACGGAATTCGCTAGC,GGATCCGAGCTCCACGTG,kr101_seqgrp_019,,no,no,,1,1,no,no,no,medium,aliases=src_kr101338520b1::KR101_G4
src_kr101338520b1::KR101_G9,CGTACGGAATTCGCTAGCTAAACAATAACAACCGACCGACTGAACGCCACCCCGAGTAGGATCCGAGCTCCACGTG,76,DNA,TAAACAATAACAACCGACCGACTGAACGCCACCCCGAGTA,CGTACGGAATTCGCTAGC,GGATCCGAGCTCCACGTG,kr101_seqgrp_015,,no,no,,1,1,no,no,no,medium,aliases=src_kr101338520b1::KR101_G9
src_kr20180054018a::KR201_Gly1,GGTAATACGACTCACTATAGGGAGATACCAGCTTATTCAATTTCGGTAATACTAGTTGGTCTTTCCCCGTTCCATTCTGTGGAGATAGTAAGTGCAATCT,100,DNA,TCGGTAATACTAGTTGGTCTTTCCCCGTTCCATTCTGTG,GGTAATACGACTCACTATAGGGAGATACCAGCTTATTCAATT,GAGATAGTAAGTGCAATCT,kr201_seqgrp_001,,no,no,,1,3,yes,no,yes,high,aliases=src_kr20180054018a::KR201_Gly1
src_kr20180054018a::KR201_Gly2,GGTAATACGACTCACTATAGGGAGATACCAGCTTATTCAATTCGGATGCGGGTAATTGAATTAGTACGGTTTGCCTCTTGTGAGATAGTAAGTGCAATCT,100,DNA,CGGATGCGGGTAATTGAATTAGTACGGTTTGCCTCTTGT,GGTAATACGACTCACTATAGGGAGATACCAGCTTATTCAATT,GAGATAGTAAGTGCAATCT,kr201_seqgrp_002,,no,no,,1,3,yes,no,yes,medium,aliases=src_kr20180054018a::KR201_Gly2
src_kr20180054018a::KR201_Gly3,GGTAATACGACTCACTATAGGGAGATACCAGCTTATTCAATTTGCTTGTAAAGTCGTCTCCCAGTGACGCCGTAGTCTTTCGAGATAGTAAGTGCAATCT,100,DNA,TGCTTGTAAAGTCGTCTCCCAGTGACGCCGTAGTCTTTC,GGTAATACGACTCACTATAGGGAGATACCAGCTTATTCAATT,GAGATAGTAAGTGCAATCT,kr201_seqgrp_003,,no,no,,1,3,yes,no,yes,medium,aliases=src_kr20180054018a::KR201_Gly3
src_kr20180054018a::KR201_Gly4,GGTAATACGACTCACTATAGGGAGATACCAGCTTATTCAATTGCCAACAATCTGTAAGCTCGTGAAGGTTTGCTAATATCCGAGATAGTAAGTGCAATCT,100,DNA,GCCAACAATCTGTAAGCTCGTGAAGGTTTGCTAATATCC,GGTAATACGACTCACTATAGGGAGATACCAGCTTATTCAATT,GAGATAGTAAGTGCAATCT,kr201_seqgrp_004,,no,no,,1,3,yes,no,yes,high,aliases=src_kr20180054018a::KR201_Gly4
src_kr20180054018a::KR201_Gly5,GGTAATACGACTCACTATAGGGAGATACCAGCTTATTCAATTCGGATGCGGGTAATTGAATTAGTGCGGTTTGCCCCTTGTGAGATAGTAAGTGCAATCT,100,DNA,CGGATGCGGGTAATTGAATTAGTGCGGTTTGCCCCTTGT,GGTAATACGACTCACTATAGGGAGATACCAGCTTATTCAATT,GAGATAGTAAGTGCAATCT,kr201_seqgrp_005,,no,no,,1,3,yes,no,yes,medium,aliases=src_kr20180054018a::KR201_Gly5
src_kr20180054018a::KR201_Gly6,GGTAATACGACTCACTATAGGGAGATACCAGCTTATTCAATTGGAATGACCTGGATTGACCCGTGAGTGTAGCATTTGTCCGAGATAGTAAGTGCAATCT,100,DNA,GGAATGACCTGGATTGACCCGTGAGTGTAGCATTTGTCC,GGTAATACGACTCACTATAGGGAGATACCAGCTTATTCAATT,GAGATAGTAAGTGCAATCT,kr201_seqgrp_006,,no,no,,1,3,yes,no,yes,medium,aliases=src_kr20180054018a::KR201_Gly6
src_kr20180054018a::KR201_Gly7,GGTAATACGACTCACTATAGGGAGATACCAGCTTATTCAATTTTACAGAACGACTAACGTCGCTCCGGGTACTTCTCCATCGAGATAGTAAGTGCAATCT,100,DNA,TTACAGAACGACTAACGTCGCTCCGGGTACTTCTCCATC,GGTAATACGACTCACTATAGGGAGATACCAGCTTATTCAATT,GAGATAGTAAGTGCAATCT,kr201_seqgrp_007,,no,no,,1,3,yes,no,yes,high,aliases=src_kr20180054018a::KR201_Gly7
src_kr20180054018a::KR201_Gly8,GGTAATACGACTCACTATAGGGAGATACCAGCTTATTCAATTCTTCTAGTAATTGGACTCTGCAGTAGAGCTGTCTAGGTGGAGATAGTAAGTGCAATCT,100,DNA,CTTCTAGTAATTGGACTCTGCAGTAGAGCTGTCTAGGTG,GGTAATACGACTCACTATAGGGAGATACCAGCTTATTCAATT,GAGATAGTAAGTGCAATCT,kr201_seqgrp_008,,no,no,,1,3,yes,no,yes,high,aliases=src_kr20180054018a::KR201_Gly8
