record_id,sequence_id,sequence_5to3,sequence_length_nt,alphabet_type,dna_or_rna,sequence_disclosed_as,search_region_5to3,search_region_start,search_region_end,left_flank,right_flank,target_name_raw,target_name_normalized,target_role,ligand_form_raw,ligand_smiles,source_type,source_title,source_year,source_jurisdiction,source_identifier,aptamer_name_raw,aptamer_aliases,parent_sequence_id,variant_type,mutation_description,assay_type,assay_readout,binding_claim_type,activity_label,activity_label_granular,kd_raw,kd_unit_raw,kd_nM,pkd,affinity_relation,signal_direction,selectivity_panel,control_targets,buffer_raw,pH,temperature_c,ions_raw,immobilization_flag,modification_flag,modification_details,confidence_tier,evidence_tier,negative_type,family_id,truncation_group_id,duplicate_group_id,notes,curator_comment
ctr_0002,src_chergui2021::CHERGUI_GlyP_1,GGACAGCTGGCCGCGTAGCGAGACACGTACAAGGTACTATACGGCTGGCATATGTATCTG,60,nucleic_acid,DNA,full_or_disclosed,GGACAGCTGGCCGCGTAGCGAGACACGTACAAGGTACTATACGGCTGGCATATGTATCTG,,,,,alanine,alanine,counter_target,unknown,CC(N)C(=O)O,journal_article,chergui2021 novel aptamers for environmental contaminants,2021,journal,10.26686/wgtn.17148626,CHERGUI_GlyP_1,,,,,fluorimetry,specificity_panel,specificity_test,negative,specificity_negative,,,,,,,glycine|alanine,glyphosate,,,,,unknown,unknown,,medium,silver,specificity_negative,,,,reported as strong selectivity in article and figure context,counter-target evidence from src_chergui2021: specificity_supported
ctr_0001,src_chergui2021::CHERGUI_GlyP_1,GGACAGCTGGCCGCGTAGCGAGACACGTACAAGGTACTATACGGCTGGCATATGTATCTG,60,nucleic_acid,DNA,full_or_disclosed,GGACAGCTGGCCGCGTAGCGAGACACGTACAAGGTACTATACGGCTGGCATATGTATCTG,,,,,glycine,glycine,counter_target,unknown,NCC(=O)O,journal_article,chergui2021 novel aptamers for environmental contaminants,2021,journal,10.26686/wgtn.17148626,CHERGUI_GlyP_1,,,,,fluorimetry,specificity_panel,specificity_test,negative,specificity_negative,,,,,,,glycine|alanine,glyphosate,,,,,unknown,unknown,,medium,silver,specificity_negative,,,,reported as strong selectivity in article and figure context,counter-target evidence from src_chergui2021: specificity_supported
glyphosate_chergui2021_CHERGUI_GlyP_1,src_chergui2021::CHERGUI_GlyP_1,GGACAGCTGGCCGCGTAGCGAGACACGTACAAGGTACTATACGGCTGGCATATGTATCTG,60,nucleic_acid,DNA,N60_only,GGACAGCTGGCCGCGTAGCGAGACACGTACAAGGTACTATACGGCTGGCATATGTATCTG,1,60,,,glyphosate,glyphosate,primary_target,unknown,O=C(O)CNCP(=O)(O)O,journal_article,chergui2021 novel aptamers for environmental contaminants,2021,journal,10.26686/wgtn.17148626,CHERGUI_GlyP_1,,,,,fluorimetry,direct_binding,direct_affinity,positive,positive,30.73,nM,30.73,7.512437,=,lower_Kd_stronger,glycine|alanine,glycine|alanine,,,,,unknown,unknown,,high,silver,,,,,GO-assisted fluorescence displacement; no direct SPR/ITC/MST in source article,GO-assisted fluorescence displacement; no direct SPR/ITC/MST in source article
glyphosate_chergui2021_CHERGUI_GlyP_14,src_chergui2021::CHERGUI_GlyP_14,ACACACCACAACGTAGTATGTAGACACATGCCGTGAGCTGTGTCTGGTTTGTCGTACCTG,60,nucleic_acid,DNA,N60_only,ACACACCACAACGTAGTATGTAGACACATGCCGTGAGCTGTGTCTGGTTTGTCGTACCTG,1,60,,,glyphosate,glyphosate,primary_target,unknown,O=C(O)CNCP(=O)(O)O,journal_article,chergui2021 novel aptamers for environmental contaminants,2021,journal,10.26686/wgtn.17148626,CHERGUI_GlyP_14,,,,,fluorimetry,direct_binding,direct_affinity,positive,positive,64.55,nM,64.55,7.190104,=,lower_Kd_stronger,,,,,,,unknown,unknown,,medium,silver,,,,,GO-assisted fluorescence displacement; no direct SPR/ITC/MST in source article,GO-assisted fluorescence displacement; no direct SPR/ITC/MST in source article
glyphosate_chergui2021_CHERGUI_GlyP_18,src_chergui2021::CHERGUI_GlyP_18,GGGCGGGAAAGACGCAGACGCGAAGAAGATGCATAGTACGGGGTTAGACAGATAAGCCGT,60,nucleic_acid,DNA,N60_only,GGGCGGGAAAGACGCAGACGCGAAGAAGATGCATAGTACGGGGTTAGACAGATAAGCCGT,1,60,,,glyphosate,glyphosate,primary_target,unknown,O=C(O)CNCP(=O)(O)O,journal_article,chergui2021 novel aptamers for environmental contaminants,2021,journal,10.26686/wgtn.17148626,CHERGUI_GlyP_18,,,,,fluorimetry,direct_binding,direct_affinity,positive,positive,46.48,nM,46.48,7.332734,=,lower_Kd_stronger,,,,,,,unknown,unknown,,medium,silver,,,,,GO-assisted fluorescence displacement; no direct SPR/ITC/MST in source article,GO-assisted fluorescence displacement; no direct SPR/ITC/MST in source article
glyphosate_chergui2021_CHERGUI_GlyP_1_7,src_chergui2021::CHERGUI_GlyP_1_7,AGGTCGACGAATAACGTAGCGTGCATCTAATGGTATAGTAGGTCGGCTCAAGGGGTTGTG,60,nucleic_acid,DNA,N60_only,AGGTCGACGAATAACGTAGCGTGCATCTAATGGTATAGTAGGTCGGCTCAAGGGGTTGTG,1,60,,,glyphosate,glyphosate,primary_target,unknown,O=C(O)CNCP(=O)(O)O,journal_article,chergui2021 novel aptamers for environmental contaminants,2021,journal,10.26686/wgtn.17148626,CHERGUI_GlyP_1_7,,,,,fluorimetry,direct_binding,direct_affinity,positive,positive,67.44,nM,67.44,7.171082,=,lower_Kd_stronger,,,,,,,unknown,unknown,,medium,silver,,,,,GO-assisted fluorescence displacement; no direct SPR/ITC/MST in source article,GO-assisted fluorescence displacement; no direct SPR/ITC/MST in source article
ctr_0004,src_chergui2021::CHERGUI_GlyP_2,GTATCACTGGGACAACTGGTGTGAAAGGTCGGAAGCAGACCTACACTCACAAGGGATGTG,60,nucleic_acid,DNA,full_or_disclosed,GTATCACTGGGACAACTGGTGTGAAAGGTCGGAAGCAGACCTACACTCACAAGGGATGTG,,,,,alanine,alanine,counter_target,unknown,CC(N)C(=O)O,journal_article,chergui2021 novel aptamers for environmental contaminants,2021,journal,10.26686/wgtn.17148626,CHERGUI_GlyP_2,,,,,fluorimetry,specificity_panel,specificity_test,uncertain,cross_reactivity_warning,,,,,,,glycine|alanine,glyphosate,,,,,unknown,unknown,,medium,silver,,,,,lower selectivity than GlyP_1 (qualitative),counter-target evidence from src_chergui2021: cross_reactivity_warning
ctr_0003,src_chergui2021::CHERGUI_GlyP_2,GTATCACTGGGACAACTGGTGTGAAAGGTCGGAAGCAGACCTACACTCACAAGGGATGTG,60,nucleic_acid,DNA,full_or_disclosed,GTATCACTGGGACAACTGGTGTGAAAGGTCGGAAGCAGACCTACACTCACAAGGGATGTG,,,,,glycine,glycine,counter_target,unknown,NCC(=O)O,journal_article,chergui2021 novel aptamers for environmental contaminants,2021,journal,10.26686/wgtn.17148626,CHERGUI_GlyP_2,,,,,fluorimetry,specificity_panel,specificity_test,uncertain,cross_reactivity_warning,,,,,,,glycine|alanine,glyphosate,,,,,unknown,unknown,,medium,silver,,,,,lower selectivity than GlyP_1 (qualitative),counter-target evidence from src_chergui2021: cross_reactivity_warning
glyphosate_chergui2021_CHERGUI_GlyP_2,src_chergui2021::CHERGUI_GlyP_2,GTATCACTGGGACAACTGGTGTGAAAGGTCGGAAGCAGACCTACACTCACAAGGGATGTG,60,nucleic_acid,DNA,N60_only,GTATCACTGGGACAACTGGTGTGAAAGGTCGGAAGCAGACCTACACTCACAAGGGATGTG,1,60,,,glyphosate,glyphosate,primary_target,unknown,O=C(O)CNCP(=O)(O)O,journal_article,chergui2021 novel aptamers for environmental contaminants,2021,journal,10.26686/wgtn.17148626,CHERGUI_GlyP_2,,,,,fluorimetry,direct_binding,direct_affinity,positive,strong_positive,3.12,nM,3.12,8.505845,=,lower_Kd_stronger,glycine|alanine,glycine|alanine,,,,,unknown,unknown,,high,silver,,,,,GO-assisted fluorescence displacement; no direct SPR/ITC/MST in source article,GO-assisted fluorescence displacement; no direct SPR/ITC/MST in source article
ctr_0006,src_chergui2021::CHERGUI_GlyP_6,GTGGGGACCTATATGGGTCGAGGCGGGAAAAGGGGGATTGCTACGGACCCGCTGAACATG,60,nucleic_acid,DNA,full_or_disclosed,GTGGGGACCTATATGGGTCGAGGCGGGAAAAGGGGGATTGCTACGGACCCGCTGAACATG,,,,,alanine,alanine,counter_target,unknown,CC(N)C(=O)O,journal_article,chergui2021 novel aptamers for environmental contaminants,2021,journal,10.26686/wgtn.17148626,CHERGUI_GlyP_6,,,,,fluorimetry,specificity_panel,specificity_test,uncertain,cross_reactivity_warning,,,,,,,glycine|alanine,glyphosate,,,,,unknown,unknown,,medium,silver,,,,,lower selectivity than GlyP_1 (qualitative),counter-target evidence from src_chergui2021: cross_reactivity_warning
ctr_0005,src_chergui2021::CHERGUI_GlyP_6,GTGGGGACCTATATGGGTCGAGGCGGGAAAAGGGGGATTGCTACGGACCCGCTGAACATG,60,nucleic_acid,DNA,full_or_disclosed,GTGGGGACCTATATGGGTCGAGGCGGGAAAAGGGGGATTGCTACGGACCCGCTGAACATG,,,,,glycine,glycine,counter_target,unknown,NCC(=O)O,journal_article,chergui2021 novel aptamers for environmental contaminants,2021,journal,10.26686/wgtn.17148626,CHERGUI_GlyP_6,,,,,fluorimetry,specificity_panel,specificity_test,uncertain,cross_reactivity_warning,,,,,,,glycine|alanine,glyphosate,,,,,unknown,unknown,,medium,silver,,,,,lower selectivity than GlyP_1 (qualitative),counter-target evidence from src_chergui2021: cross_reactivity_warning
glyphosate_chergui2021_CHERGUI_GlyP_6,src_chergui2021::CHERGUI_GlyP_6,GTGGGGACCTATATGGGTCGAGGCGGGAAAAGGGGGATTGCTACGGACCCGCTGAACATG,60,nucleic_acid,DNA,N60_only,GTGGGGACCTATATGGGTCGAGGCGGGAAAAGGGGGATTGCTACGGACCCGCTGAACATG,1,60,,,glyphosate,glyphosate,primary_target,unknown,O=C(O)CNCP(=O)(O)O,journal_article,chergui2021 novel aptamers for environmental contaminants,2021,journal,10.26686/wgtn.17148626,CHERGUI_GlyP_6,,,,,fluorimetry,direct_binding,direct_affinity,positive,positive,29.49,nM,29.49,7.530325,=,lower_Kd_stronger,glycine|alanine,glycine|alanine,,,,,unknown,unknown,,high,silver,,,,,GO-assisted fluorescence displacement; no direct SPR/ITC/MST in source article,GO-assisted fluorescence displacement; no direct SPR/ITC/MST in source article
glyphosate_kr101338520b1_G1,src_kr101338520b1::KR101_G1,CGTACGGAATTCGCTAGCGCCCATCCTGTTGGTGTGGTATGTGTGTTGTGCCCTCGGATCCGAGCTCCACGTG,73,nucleic_acid,DNA,full_published_sequence_with_flanks,GCCCATCCTGTTGGTGTGGTATGTGTGTTGTGCCCTC,19,55,CGTACGGAATTCGCTAGC,GGATCCGAGCTCCACGTG,glyphosate,glyphosate,primary_target,unknown,O=C(O)CNCP(=O)(O)O,patent,kr101338520b1 glyphosate aptamer patent,2013/2014 era (grant KR101338520B1),KR,KR101338520B1,KR101_G1,,,,,AuNP_colorimetric,sensor_readout,selection_claim_only,uncertain,weak_positive_claim,null,nM,null,,=,lower_Kd_stronger,AMPA|glufosinate,AMPA|glufosinate,,,,,unknown,unknown,,medium,bronze,,kr101_seqgrp_013,,,keep; nonstandard_random_region_length,patent_claim_without_quantitative_Kd
glyphosate_kr101338520b1_G11,src_kr101338520b1::KR101_G11,CGTACGGAATTCGCTAGCAGGGGTCCTGGGTGGGATGTATGCAGATGGGGACAGTACCGGATCCGAGCTCCACGTG,76,nucleic_acid,DNA,full_published_sequence_with_flanks,AGGGGTCCTGGGTGGGATGTATGCAGATGGGGACAGTACC,19,58,CGTACGGAATTCGCTAGC,GGATCCGAGCTCCACGTG,glyphosate,glyphosate,primary_target,unknown,O=C(O)CNCP(=O)(O)O,patent,kr101338520b1 glyphosate aptamer patent,2013/2014 era (grant KR101338520B1),KR,KR101338520B1,KR101_G11,,,,,AuNP_colorimetric,sensor_readout,selection_claim_only,uncertain,weak_positive_claim,null,nM,null,,=,lower_Kd_stronger,AMPA|glufosinate,AMPA|glufosinate,,,,,unknown,unknown,,low,bronze,,kr101_seqgrp_006,,dupgrp_001,keep_with_strong_caution; duplicate_pair_G8_G11,patent_claim_high_g_bias_without_quantitative_Kd
glyphosate_kr101338520b1_G12,src_kr101338520b1::KR101_G12,CGTACGGAATTCGCTAGCAGTGTACACAGACCAAACCATCGCCCAAATGTCAGACCTCGGATCCGAGCTCCACGTG,76,nucleic_acid,DNA,full_published_sequence_with_flanks,AGTGTACACAGACCAAACCATCGCCCAAATGTCAGACCTC,19,58,CGTACGGAATTCGCTAGC,GGATCCGAGCTCCACGTG,glyphosate,glyphosate,primary_target,unknown,O=C(O)CNCP(=O)(O)O,patent,kr101338520b1 glyphosate aptamer patent,2013/2014 era (grant KR101338520B1),KR,KR101338520B1,KR101_G12,,,,,AuNP_colorimetric,sensor_readout,selection_claim_only,uncertain,weak_positive_claim,null,nM,null,,=,lower_Kd_stronger,AMPA|glufosinate,AMPA|glufosinate,,,,,unknown,unknown,,medium,bronze,,kr101_seqgrp_007,,,keep,patent_claim_without_quantitative_Kd
glyphosate_kr101338520b1_G13,src_kr101338520b1::KR101_G13,CGTACGGAATTCGCTAGCTGCGAAGGGGGGGTATACAGTGTGGGTAGTCATGGGCGGGATCCGAGCTCCACGTG,74,nucleic_acid,DNA,full_published_sequence_with_flanks,TGCGAAGGGGGGGTATACAGTGTGGGTAGTCATGGGCG,19,56,CGTACGGAATTCGCTAGC,GGATCCGAGCTCCACGTG,glyphosate,glyphosate,primary_target,unknown,O=C(O)CNCP(=O)(O)O,patent,kr101338520b1 glyphosate aptamer patent,2013/2014 era (grant KR101338520B1),KR,KR101338520B1,KR101_G13,,,,,AuNP_colorimetric,sensor_readout,selection_claim_only,uncertain,weak_positive_claim,null,nM,null,,=,lower_Kd_stronger,AMPA|glufosinate,AMPA|glufosinate,,,,,unknown,unknown,,low,bronze,,kr101_seqgrp_018,,,keep_with_strong_caution; nonstandard_random_region_length,patent_claim_high_g_bias_without_quantitative_Kd
glyphosate_kr101338520b1_G14,src_kr101338520b1::KR101_G14,CGTACGGAATTCGCTAGCAGGAGTTGGGTATGGGTGGGATATCCTCATACGAGGCTGGGATCCGAGCTCCACGTG,75,nucleic_acid,DNA,full_published_sequence_with_flanks,AGGAGTTGGGTATGGGTGGGATATCCTCATACGAGGCTG,19,57,CGTACGGAATTCGCTAGC,GGATCCGAGCTCCACGTG,glyphosate,glyphosate,primary_target,unknown,O=C(O)CNCP(=O)(O)O,patent,kr101338520b1 glyphosate aptamer patent,2013/2014 era (grant KR101338520B1),KR,KR101338520B1,KR101_G14,,,,,AuNP_colorimetric,sensor_readout,selection_claim_only,uncertain,weak_positive_claim,null,nM,null,,=,lower_Kd_stronger,AMPA|glufosinate,AMPA|glufosinate,,,,,unknown,unknown,,medium,bronze,,kr101_seqgrp_005,,,keep_with_caution; nonstandard_random_region_length,patent_claim_without_quantitative_Kd
ctr_0007,src_kr101338520b1::KR101_G15,CGTACGGAATTCGCTAGCAGAGGGATGGTGTGGGTGGCTGCGGCTATAGGAGCGTACCGGATCCGAGCTCCACGTG,76,nucleic_acid,DNA,full_or_disclosed,AGAGGGATGGTGTGGGTGGCTGCGGCTATAGGAGCGTACC,,,CGTACGGAATTCGCTAGC,GGATCCGAGCTCCACGTG,AMPA,ampa,counter_target,unknown,NCP(=O)(O)O,patent,kr101338520b1 glyphosate aptamer patent,2013/2014 era (grant KR101338520B1),KR,KR101338520B1,KR101_G15,,,,,AuNP_colorimetric,specificity_panel,specificity_test,uncertain,counter_target_uncertain,,,,,,,AMPA|glufosinate,glyphosate,,,,,unknown,unknown,,medium,bronze,,kr101_seqgrp_004,,,G15 selected as top candidate in patent specificity workflow,counter-target evidence from src_kr101338520b1: lead_selection_by_specificity
ctr_0008,src_kr101338520b1::KR101_G15,CGTACGGAATTCGCTAGCAGAGGGATGGTGTGGGTGGCTGCGGCTATAGGAGCGTACCGGATCCGAGCTCCACGTG,76,nucleic_acid,DNA,full_or_disclosed,AGAGGGATGGTGTGGGTGGCTGCGGCTATAGGAGCGTACC,,,CGTACGGAATTCGCTAGC,GGATCCGAGCTCCACGTG,glufosinate,glufosinate,counter_target,unknown,CC(CP(=O)(O)O)N,patent,kr101338520b1 glyphosate aptamer patent,2013/2014 era (grant KR101338520B1),KR,KR101338520B1,KR101_G15,,,,,AuNP_colorimetric,specificity_panel,specificity_test,uncertain,counter_target_uncertain,,,,,,,AMPA|glufosinate,glyphosate,,,,,unknown,unknown,,medium,bronze,,kr101_seqgrp_004,,,G15 selected as top candidate in patent specificity workflow,counter-target evidence from src_kr101338520b1: lead_selection_by_specificity
glyphosate_kr101338520b1_G15,src_kr101338520b1::KR101_G15,CGTACGGAATTCGCTAGCAGAGGGATGGTGTGGGTGGCTGCGGCTATAGGAGCGTACCGGATCCGAGCTCCACGTG,76,nucleic_acid,DNA,full_published_sequence_with_flanks,AGAGGGATGGTGTGGGTGGCTGCGGCTATAGGAGCGTACC,19,58,CGTACGGAATTCGCTAGC,GGATCCGAGCTCCACGTG,glyphosate,glyphosate,primary_target,unknown,O=C(O)CNCP(=O)(O)O,patent,kr101338520b1 glyphosate aptamer patent,2013/2014 era (grant KR101338520B1),KR,KR101338520B1,KR101_G15,,,,,AuNP_colorimetric,sensor_readout,selection_claim_only,uncertain,weak_positive_claim,null,nM,null,,=,lower_Kd_stronger,AMPA|glufosinate,AMPA|glufosinate,,,,,unknown,unknown,,medium,bronze,,kr101_seqgrp_004,,,priority_followup,patent_lead_without_quantitative_Kd
glyphosate_kr101338520b1_G16,src_kr101338520b1::KR101_G16,CGTACGGAATTCGCTAGCTAGGCTCGTCGGGTGGTGGGGGGGGACTGTGGGTAGTTAGGATCCGAGCTCCACGTG,75,nucleic_acid,DNA,full_published_sequence_with_flanks,TAGGCTCGTCGGGTGGTGGGGGGGGACTGTGGGTAGTTA,19,57,CGTACGGAATTCGCTAGC,GGATCCGAGCTCCACGTG,glyphosate,glyphosate,primary_target,unknown,O=C(O)CNCP(=O)(O)O,patent,kr101338520b1 glyphosate aptamer patent,2013/2014 era (grant KR101338520B1),KR,KR101338520B1,KR101_G16,,,,,AuNP_colorimetric,sensor_readout,selection_claim_only,uncertain,weak_positive_claim,null,nM,null,,=,lower_Kd_stronger,AMPA|glufosinate,AMPA|glufosinate,,,,,unknown,unknown,,low,bronze,,kr101_seqgrp_016,,,keep_with_strong_caution; nonstandard_random_region_length,patent_claim_high_g_bias_without_quantitative_Kd
glyphosate_kr101338520b1_G18,src_kr101338520b1::KR101_G18,CGTACGGAATTCGCTAGCAACATCCACCCATATACACTACACCTTGCGCCCATATACAGGATCCGAGCTCCACGTG,76,nucleic_acid,DNA,full_published_sequence_with_flanks,AACATCCACCCATATACACTACACCTTGCGCCCATATACA,19,58,CGTACGGAATTCGCTAGC,GGATCCGAGCTCCACGTG,glyphosate,glyphosate,primary_target,unknown,O=C(O)CNCP(=O)(O)O,patent,kr101338520b1 glyphosate aptamer patent,2013/2014 era (grant KR101338520B1),KR,KR101338520B1,KR101_G18,,,,,AuNP_colorimetric,sensor_readout,selection_claim_only,uncertain,weak_positive_claim,null,nM,null,,=,lower_Kd_stronger,AMPA|glufosinate,AMPA|glufosinate,,,,,unknown,unknown,,medium,bronze,,kr101_seqgrp_002,,,keep,patent_claim_without_quantitative_Kd
glyphosate_kr101338520b1_G19,src_kr101338520b1::KR101_G19,CGTACGGAATTCGCTAGCTGGGGTTGGGTTGGGATGGCTGTGGTGTGTGTATAGTAATGGATCCGAGCTCCACGTG,76,nucleic_acid,DNA,full_published_sequence_with_flanks,TGGGGTTGGGTTGGGATGGCTGTGGTGTGTGTATAGTAAT,19,58,CGTACGGAATTCGCTAGC,GGATCCGAGCTCCACGTG,glyphosate,glyphosate,primary_target,unknown,O=C(O)CNCP(=O)(O)O,patent,kr101338520b1 glyphosate aptamer patent,2013/2014 era (grant KR101338520B1),KR,KR101338520B1,KR101_G19,,,,,AuNP_colorimetric,sensor_readout,selection_claim_only,uncertain,weak_positive_claim,null,nM,null,,=,lower_Kd_stronger,AMPA|glufosinate,AMPA|glufosinate,,,,,unknown,unknown,,medium,bronze,,kr101_seqgrp_020,,,keep_with_caution,patent_claim_without_quantitative_Kd
glyphosate_kr101338520b1_G2,src_kr101338520b1::KR101_G2,CGTACGGAATTCGCTAGCACATGACAACATACCGGTCGAACGTCGCACATCCGCACCAGGATCCGAGCTCCACGTG,76,nucleic_acid,DNA,full_published_sequence_with_flanks,ACATGACAACATACCGGTCGAACGTCGCACATCCGCACCA,19,58,CGTACGGAATTCGCTAGC,GGATCCGAGCTCCACGTG,glyphosate,glyphosate,primary_target,unknown,O=C(O)CNCP(=O)(O)O,patent,kr101338520b1 glyphosate aptamer patent,2013/2014 era (grant KR101338520B1),KR,KR101338520B1,KR101_G2,,,,,AuNP_colorimetric,sensor_readout,selection_claim_only,uncertain,weak_positive_claim,null,nM,null,,=,lower_Kd_stronger,AMPA|glufosinate,AMPA|glufosinate,,,,,unknown,unknown,,medium,bronze,,kr101_seqgrp_003,,,keep,patent_claim_without_quantitative_Kd
glyphosate_kr101338520b1_G20,src_kr101338520b1::KR101_G20,CGTACGGAATTCGCTAGCATATGGAGGGGCGGGCTGGGCTATGACGAAGCGCAGAATGGGATCCGAGCTCCACGTG,76,nucleic_acid,DNA,full_published_sequence_with_flanks,ATATGGAGGGGCGGGCTGGGCTATGACGAAGCGCAGAATG,19,58,CGTACGGAATTCGCTAGC,GGATCCGAGCTCCACGTG,glyphosate,glyphosate,primary_target,unknown,O=C(O)CNCP(=O)(O)O,patent,kr101338520b1 glyphosate aptamer patent,2013/2014 era (grant KR101338520B1),KR,KR101338520B1,KR101_G20,,,,,AuNP_colorimetric,sensor_readout,selection_claim_only,uncertain,weak_positive_claim,null,nM,null,,=,lower_Kd_stronger,AMPA|glufosinate,AMPA|glufosinate,,,,,unknown,unknown,,medium,bronze,,kr101_seqgrp_008,,,keep_with_caution,patent_claim_without_quantitative_Kd
glyphosate_kr101338520b1_G21,src_kr101338520b1::KR101_G21,CGTACGGAATTCGCTAGCTGGGTAGTATGAAGGGTGGGTGGTGGGTAGAGTCTGTCTGGGATCCGAGCTCCACGTG,76,nucleic_acid,DNA,full_published_sequence_with_flanks,TGGGTAGTATGAAGGGTGGGTGGTGGGTAGAGTCTGTCTG,19,58,CGTACGGAATTCGCTAGC,GGATCCGAGCTCCACGTG,glyphosate,glyphosate,primary_target,unknown,O=C(O)CNCP(=O)(O)O,patent,kr101338520b1 glyphosate aptamer patent,2013/2014 era (grant KR101338520B1),KR,KR101338520B1,KR101_G21,,,,,AuNP_colorimetric,sensor_readout,selection_claim_only,uncertain,weak_positive_claim,null,nM,null,,=,lower_Kd_stronger,AMPA|glufosinate,AMPA|glufosinate,,,,,unknown,unknown,,low,bronze,,kr101_seqgrp_021,,,keep_with_strong_caution,patent_claim_high_g_bias_without_quantitative_Kd
glyphosate_kr101338520b1_G22,src_kr101338520b1::KR101_G22,CGTACGGAATTCGCTAGCAACACCATATCCCATGCCCGCCTCCATGTGCTCTCTATCCGGATCCGAGCTCCACGTG,76,nucleic_acid,DNA,full_published_sequence_with_flanks,AACACCATATCCCATGCCCGCCTCCATGTGCTCTCTATCC,19,58,CGTACGGAATTCGCTAGC,GGATCCGAGCTCCACGTG,glyphosate,glyphosate,primary_target,unknown,O=C(O)CNCP(=O)(O)O,patent,kr101338520b1 glyphosate aptamer patent,2013/2014 era (grant KR101338520B1),KR,KR101338520B1,KR101_G22,,,,,AuNP_colorimetric,sensor_readout,selection_claim_only,uncertain,weak_positive_claim,null,nM,null,,=,lower_Kd_stronger,AMPA|glufosinate,AMPA|glufosinate,,,,,unknown,unknown,,medium,bronze,,kr101_seqgrp_001,,,keep,patent_claim_without_quantitative_Kd
glyphosate_kr101338520b1_G23,src_kr101338520b1::KR101_G23,CGTACGGAATTCGCTAGCCATAGTGCGGGGGTAGGGGTTGGGGGGGGTGCCGAGTACAGGATCCGAGCTCCACGTG,76,nucleic_acid,DNA,full_published_sequence_with_flanks,CATAGTGCGGGGGTAGGGGTTGGGGGGGGTGCCGAGTACA,19,58,CGTACGGAATTCGCTAGC,GGATCCGAGCTCCACGTG,glyphosate,glyphosate,primary_target,unknown,O=C(O)CNCP(=O)(O)O,patent,kr101338520b1 glyphosate aptamer patent,2013/2014 era (grant KR101338520B1),KR,KR101338520B1,KR101_G23,,,,,AuNP_colorimetric,sensor_readout,selection_claim_only,uncertain,weak_positive_claim,null,nM,null,,=,lower_Kd_stronger,AMPA|glufosinate,AMPA|glufosinate,,,,,unknown,unknown,,low,bronze,,kr101_seqgrp_011,,,keep_with_strong_caution,patent_claim_high_g_bias_without_quantitative_Kd
glyphosate_kr101338520b1_G25,src_kr101338520b1::KR101_G25,CGTACGGAATTCGCTAGCTGTGGGTGGTGGGGGGGTGTGATGGTAGAACGAGATGCTAGGATCCGAGCTCCACGTG,76,nucleic_acid,DNA,full_published_sequence_with_flanks,TGTGGGTGGTGGGGGGGTGTGATGGTAGAACGAGATGCTA,19,58,CGTACGGAATTCGCTAGC,GGATCCGAGCTCCACGTG,glyphosate,glyphosate,primary_target,unknown,O=C(O)CNCP(=O)(O)O,patent,kr101338520b1 glyphosate aptamer patent,2013/2014 era (grant KR101338520B1),KR,KR101338520B1,KR101_G25,,,,,AuNP_colorimetric,sensor_readout,selection_claim_only,uncertain,weak_positive_claim,null,nM,null,,=,lower_Kd_stronger,AMPA|glufosinate,AMPA|glufosinate,,,,,unknown,unknown,,low,bronze,,kr101_seqgrp_025,,,keep_with_strong_caution,patent_claim_high_g_bias_without_quantitative_Kd
glyphosate_kr101338520b1_G27,src_kr101338520b1::KR101_G27,CGTACGGAATTCGCTAGCCAGCAATGCATGCAGACAAGACCGTCCCAGACCGTGCCCAGGATCCGAGCTCCACGTG,76,nucleic_acid,DNA,full_published_sequence_with_flanks,CAGCAATGCATGCAGACAAGACCGTCCCAGACCGTGCCCA,19,58,CGTACGGAATTCGCTAGC,GGATCCGAGCTCCACGTG,glyphosate,glyphosate,primary_target,unknown,O=C(O)CNCP(=O)(O)O,patent,kr101338520b1 glyphosate aptamer patent,2013/2014 era (grant KR101338520B1),KR,KR101338520B1,KR101_G27,,,,,AuNP_colorimetric,sensor_readout,selection_claim_only,uncertain,weak_positive_claim,null,nM,null,,=,lower_Kd_stronger,AMPA|glufosinate,AMPA|glufosinate,,,,,unknown,unknown,,medium,bronze,,kr101_seqgrp_010,,,keep,patent_claim_without_quantitative_Kd
glyphosate_kr101338520b1_G28,src_kr101338520b1::KR101_G28,CGTACGGAATTCGCTAGCCGTGGTCGACGGGAGGGGGAGGTGGGTGGTGGTATGAGTGGGATCCGAGCTCCACGTG,76,nucleic_acid,DNA,full_published_sequence_with_flanks,CGTGGTCGACGGGAGGGGGAGGTGGGTGGTGGTATGAGTG,19,58,CGTACGGAATTCGCTAGC,GGATCCGAGCTCCACGTG,glyphosate,glyphosate,primary_target,unknown,O=C(O)CNCP(=O)(O)O,patent,kr101338520b1 glyphosate aptamer patent,2013/2014 era (grant KR101338520B1),KR,KR101338520B1,KR101_G28,,,,,AuNP_colorimetric,sensor_readout,selection_claim_only,uncertain,weak_positive_claim,null,nM,null,,=,lower_Kd_stronger,AMPA|glufosinate,AMPA|glufosinate,,,,,unknown,unknown,,medium,bronze,,kr101_seqgrp_012,,,keep_with_caution,patent_claim_without_quantitative_Kd
glyphosate_kr101338520b1_G29,src_kr101338520b1::KR101_G29,CGTACGGAATTCGCTAGCTCGAGGTGGGTGGGGGGGGTATGTGGTGCAGCCAAGCAACGGATCCGAGCTCCACGTG,76,nucleic_acid,DNA,full_published_sequence_with_flanks,TCGAGGTGGGTGGGGGGGGTATGTGGTGCAGCCAAGCAAC,19,58,CGTACGGAATTCGCTAGC,GGATCCGAGCTCCACGTG,glyphosate,glyphosate,primary_target,unknown,O=C(O)CNCP(=O)(O)O,patent,kr101338520b1 glyphosate aptamer patent,2013/2014 era (grant KR101338520B1),KR,KR101338520B1,KR101_G29,,,,,AuNP_colorimetric,sensor_readout,selection_claim_only,uncertain,weak_positive_claim,null,nM,null,,=,lower_Kd_stronger,AMPA|glufosinate,AMPA|glufosinate,,,,,unknown,unknown,,low,bronze,,kr101_seqgrp_017,,,keep_with_strong_caution,patent_claim_high_g_bias_without_quantitative_Kd
glyphosate_kr101338520b1_G3,src_kr101338520b1::KR101_G3,CGTACGGAATTCGCTAGCGGTGGTGGGGGCTATCCGAGGAGGGTGGTCTGGCGGTTGTGGATCCGAGCTCCACGTG,76,nucleic_acid,DNA,full_published_sequence_with_flanks,GGTGGTGGGGGCTATCCGAGGAGGGTGGTCTGGCGGTTGT,19,58,CGTACGGAATTCGCTAGC,GGATCCGAGCTCCACGTG,glyphosate,glyphosate,primary_target,unknown,O=C(O)CNCP(=O)(O)O,patent,kr101338520b1 glyphosate aptamer patent,2013/2014 era (grant KR101338520B1),KR,KR101338520B1,KR101_G3,,,,,AuNP_colorimetric,sensor_readout,selection_claim_only,uncertain,weak_positive_claim,null,nM,null,,=,lower_Kd_stronger,AMPA|glufosinate,AMPA|glufosinate,,,,,unknown,unknown,,medium,bronze,,kr101_seqgrp_014,,,keep_with_caution,patent_claim_without_quantitative_Kd
glyphosate_kr101338520b1_G30,src_kr101338520b1::KR101_G30,CGTACGGAATTCGCTAGCTGTCGCTTACTCTCTGTGGAGTCTCTGGGTGGATCCGAGCTCCACGTG,66,nucleic_acid,DNA,full_published_sequence_with_flanks,TGTCGCTTACTCTCTGTGGAGTCTCTGGGT,19,48,CGTACGGAATTCGCTAGC,GGATCCGAGCTCCACGTG,glyphosate,glyphosate,primary_target,unknown,O=C(O)CNCP(=O)(O)O,patent,kr101338520b1 glyphosate aptamer patent,2013/2014 era (grant KR101338520B1),KR,KR101338520B1,KR101_G30,,,,,AuNP_colorimetric,sensor_readout,selection_claim_only,uncertain,weak_positive_claim,null,nM,null,,=,lower_Kd_stronger,AMPA|glufosinate,AMPA|glufosinate,,,,,unknown,unknown,,medium,bronze,,kr101_seqgrp_023,,,keep; nonstandard_random_region_length,patent_claim_without_quantitative_Kd
glyphosate_kr101338520b1_G32,src_kr101338520b1::KR101_G32,CGTACGGAATTCGCTAGCTGGTGGGGGCGGGGTGGGGTGGAAAAGTAACGTGCAGTTAGGATCCGAGCTCCACGTG,76,nucleic_acid,DNA,full_published_sequence_with_flanks,TGGTGGGGGCGGGGTGGGGTGGAAAAGTAACGTGCAGTTA,19,58,CGTACGGAATTCGCTAGC,GGATCCGAGCTCCACGTG,glyphosate,glyphosate,primary_target,unknown,O=C(O)CNCP(=O)(O)O,patent,kr101338520b1 glyphosate aptamer patent,2013/2014 era (grant KR101338520B1),KR,KR101338520B1,KR101_G32,,,,,AuNP_colorimetric,sensor_readout,selection_claim_only,uncertain,weak_positive_claim,null,nM,null,,=,lower_Kd_stronger,AMPA|glufosinate,AMPA|glufosinate,,,,,unknown,unknown,,medium,bronze,,kr101_seqgrp_022,,,keep_with_caution,patent_claim_without_quantitative_Kd
glyphosate_kr101338520b1_G33,src_kr101338520b1::KR101_G33,CGTACGGAATTCGCTAGCTGTGGGTGGAGGGGCCGGGGATGGATGGTGATACGTAATGGGATCCGAGCTCCACGTG,76,nucleic_acid,DNA,full_published_sequence_with_flanks,TGTGGGTGGAGGGGCCGGGGATGGATGGTGATACGTAATG,19,58,CGTACGGAATTCGCTAGC,GGATCCGAGCTCCACGTG,glyphosate,glyphosate,primary_target,unknown,O=C(O)CNCP(=O)(O)O,patent,kr101338520b1 glyphosate aptamer patent,2013/2014 era (grant KR101338520B1),KR,KR101338520B1,KR101_G33,,,,,AuNP_colorimetric,sensor_readout,selection_claim_only,uncertain,weak_positive_claim,null,nM,null,,=,lower_Kd_stronger,AMPA|glufosinate,AMPA|glufosinate,,,,,unknown,unknown,,medium,bronze,,kr101_seqgrp_024,,,keep_with_caution,patent_claim_without_quantitative_Kd
glyphosate_kr101338520b1_G34,src_kr101338520b1::KR101_G34,CGTACGGAATTCGCTAGCATCGTACGCACACACATGGCATAATCATACACATACAACCGGATCCGAGCTCCACGTG,76,nucleic_acid,DNA,full_published_sequence_with_flanks,ATCGTACGCACACACATGGCATAATCATACACATACAACC,19,58,CGTACGGAATTCGCTAGC,GGATCCGAGCTCCACGTG,glyphosate,glyphosate,primary_target,unknown,O=C(O)CNCP(=O)(O)O,patent,kr101338520b1 glyphosate aptamer patent,2013/2014 era (grant KR101338520B1),KR,KR101338520B1,KR101_G34,,,,,AuNP_colorimetric,sensor_readout,selection_claim_only,uncertain,weak_positive_claim,null,nM,null,,=,lower_Kd_stronger,AMPA|glufosinate,AMPA|glufosinate,,,,,unknown,unknown,,medium,bronze,,kr101_seqgrp_009,,,keep,patent_claim_without_quantitative_Kd
glyphosate_kr101338520b1_G4,src_kr101338520b1::KR101_G4,CGTACGGAATTCGCTAGCTGGCATACATGTGCTACCTACGCCTACTGATTATAGACTCGGATCCGAGCTCCACGTG,76,nucleic_acid,DNA,full_published_sequence_with_flanks,TGGCATACATGTGCTACCTACGCCTACTGATTATAGACTC,19,58,CGTACGGAATTCGCTAGC,GGATCCGAGCTCCACGTG,glyphosate,glyphosate,primary_target,unknown,O=C(O)CNCP(=O)(O)O,patent,kr101338520b1 glyphosate aptamer patent,2013/2014 era (grant KR101338520B1),KR,KR101338520B1,KR101_G4,,,,,AuNP_colorimetric,sensor_readout,selection_claim_only,uncertain,weak_positive_claim,null,nM,null,,=,lower_Kd_stronger,AMPA|glufosinate,AMPA|glufosinate,,,,,unknown,unknown,,medium,bronze,,kr101_seqgrp_019,,,keep,patent_claim_without_quantitative_Kd
glyphosate_kr101338520b1_G8,src_kr101338520b1::KR101_G8,CGTACGGAATTCGCTAGCAGGGGTCCTGGGTGGGATGTATGCAGATGGGGACAGTACCGGATCCGAGCTCCACGTG,76,nucleic_acid,DNA,full_published_sequence_with_flanks,AGGGGTCCTGGGTGGGATGTATGCAGATGGGGACAGTACC,19,58,CGTACGGAATTCGCTAGC,GGATCCGAGCTCCACGTG,glyphosate,glyphosate,primary_target,unknown,O=C(O)CNCP(=O)(O)O,patent,kr101338520b1 glyphosate aptamer patent,2013/2014 era (grant KR101338520B1),KR,KR101338520B1,KR101_G8,,,,,AuNP_colorimetric,sensor_readout,selection_claim_only,uncertain,weak_positive_claim,null,nM,null,,=,lower_Kd_stronger,AMPA|glufosinate,AMPA|glufosinate,,,,,unknown,unknown,,low,bronze,,kr101_seqgrp_006,,dupgrp_001,keep_with_strong_caution; duplicate_pair_G8_G11,patent_claim_high_g_bias_without_quantitative_Kd
glyphosate_kr101338520b1_G9,src_kr101338520b1::KR101_G9,CGTACGGAATTCGCTAGCTAAACAATAACAACCGACCGACTGAACGCCACCCCGAGTAGGATCCGAGCTCCACGTG,76,nucleic_acid,DNA,full_published_sequence_with_flanks,TAAACAATAACAACCGACCGACTGAACGCCACCCCGAGTA,19,58,CGTACGGAATTCGCTAGC,GGATCCGAGCTCCACGTG,glyphosate,glyphosate,primary_target,unknown,O=C(O)CNCP(=O)(O)O,patent,kr101338520b1 glyphosate aptamer patent,2013/2014 era (grant KR101338520B1),KR,KR101338520B1,KR101_G9,,,,,AuNP_colorimetric,sensor_readout,selection_claim_only,uncertain,weak_positive_claim,null,nM,null,,=,lower_Kd_stronger,AMPA|glufosinate,AMPA|glufosinate,,,,,unknown,unknown,,medium,bronze,,kr101_seqgrp_015,,,keep,patent_claim_without_quantitative_Kd
ctr_0009,src_kr20180054018a::KR201_Gly1,GGTAATACGACTCACTATAGGGAGATACCAGCTTATTCAATTTCGGTAATACTAGTTGGTCTTTCCCCGTTCCATTCTGTGGAGATAGTAAGTGCAATCT,100,nucleic_acid,DNA,full_or_disclosed,TCGGTAATACTAGTTGGTCTTTCCCCGTTCCATTCTGTG,,,GGTAATACGACTCACTATAGGGAGATACCAGCTTATTCAATT,GAGATAGTAAGTGCAATCT,AMPA,ampa,counter_target,unknown,NCP(=O)(O)O,patent,kr20180054018a glyphosate aptamer patent,2018,KR,KR20180054018A,KR201_Gly1,,,,,SPR,specificity_panel,direct_affinity,positive,counter_target_positive,1.79e+07,nM,1.79e+07,1.747147,=,lower_Kd_stronger,AMPA,glyphosate,,,,,unknown,unknown,,medium,gold,counter_target_positive,kr201_seqgrp_001,,,SPR Kd(AMPA); selectivity_ratio_AMPA_to_glyphosate=1.85e+08,counter-target evidence from src_kr20180054018a: cross_target_kd
ctr_0010,src_kr20180054018a::KR201_Gly1,GGTAATACGACTCACTATAGGGAGATACCAGCTTATTCAATTTCGGTAATACTAGTTGGTCTTTCCCCGTTCCATTCTGTGGAGATAGTAAGTGCAATCT,100,nucleic_acid,DNA,full_or_disclosed,TCGGTAATACTAGTTGGTCTTTCCCCGTTCCATTCTGTG,,,GGTAATACGACTCACTATAGGGAGATACCAGCTTATTCAATT,GAGATAGTAAGTGCAATCT,glycine,glycine,counter_target,unknown,NCC(=O)O,patent,kr20180054018a glyphosate aptamer patent,2018,KR,KR20180054018A,KR201_Gly1,,,,,SPR,specificity_panel,direct_affinity,positive,counter_target_positive,138000,nM,138000,3.860121,=,lower_Kd_stronger,glycine,glyphosate,,,,,unknown,unknown,,medium,gold,counter_target_positive,kr201_seqgrp_001,,,SPR Kd(glycine); selectivity_ratio_glycine_to_glyphosate=1.43e+06,counter-target evidence from src_kr20180054018a: cross_target_kd
glyphosate_kr20180054018a_Gly1,src_kr20180054018a::KR201_Gly1,GGTAATACGACTCACTATAGGGAGATACCAGCTTATTCAATTTCGGTAATACTAGTTGGTCTTTCCCCGTTCCATTCTGTGGAGATAGTAAGTGCAATCT,100,nucleic_acid,DNA,full_published_sequence_with_flanks,TCGGTAATACTAGTTGGTCTTTCCCCGTTCCATTCTGTG,43,81,GGTAATACGACTCACTATAGGGAGATACCAGCTTATTCAATT,GAGATAGTAAGTGCAATCT,glyphosate,glyphosate,primary_target,unknown,O=C(O)CNCP(=O)(O)O,patent,kr20180054018a glyphosate aptamer patent,2018,KR,KR20180054018A,KR201_Gly1,,,,,SPR,direct_binding,direct_affinity,positive,strong_positive,0.0968,nM,0.0968,10.014125,=,lower_Kd_stronger,AMPA|glycine,AMPA|glycine,,,,,unknown,unknown,,high,gold,,kr201_seqgrp_001,,,SPR-derived affinity values reported in patent table,SPR_supported_with_good_cross_target_separation
ctr_0011,src_kr20180054018a::KR201_Gly2,GGTAATACGACTCACTATAGGGAGATACCAGCTTATTCAATTCGGATGCGGGTAATTGAATTAGTACGGTTTGCCTCTTGTGAGATAGTAAGTGCAATCT,100,nucleic_acid,DNA,full_or_disclosed,CGGATGCGGGTAATTGAATTAGTACGGTTTGCCTCTTGT,,,GGTAATACGACTCACTATAGGGAGATACCAGCTTATTCAATT,GAGATAGTAAGTGCAATCT,AMPA,ampa,counter_target,unknown,NCP(=O)(O)O,patent,kr20180054018a glyphosate aptamer patent,2018,KR,KR20180054018A,KR201_Gly2,,,,,SPR,specificity_panel,direct_affinity,positive,counter_target_positive,4000,nM,4000,5.39794,=,lower_Kd_stronger,AMPA,glyphosate,,,,,unknown,unknown,,medium,gold,counter_target_positive,kr201_seqgrp_002,,,SPR Kd(AMPA); selectivity_ratio_AMPA_to_glyphosate=664,counter-target evidence from src_kr20180054018a: cross_target_kd
ctr_0012,src_kr20180054018a::KR201_Gly2,GGTAATACGACTCACTATAGGGAGATACCAGCTTATTCAATTCGGATGCGGGTAATTGAATTAGTACGGTTTGCCTCTTGTGAGATAGTAAGTGCAATCT,100,nucleic_acid,DNA,full_or_disclosed,CGGATGCGGGTAATTGAATTAGTACGGTTTGCCTCTTGT,,,GGTAATACGACTCACTATAGGGAGATACCAGCTTATTCAATT,GAGATAGTAAGTGCAATCT,glycine,glycine,counter_target,unknown,NCC(=O)O,patent,kr20180054018a glyphosate aptamer patent,2018,KR,KR20180054018A,KR201_Gly2,,,,,SPR,specificity_panel,direct_affinity,positive,counter_target_positive,145000,nM,145000,3.838632,=,lower_Kd_stronger,glycine,glyphosate,,,,,unknown,unknown,,medium,gold,counter_target_positive,kr201_seqgrp_002,,,SPR Kd(glycine); selectivity_ratio_glycine_to_glyphosate=2.41e+04,counter-target evidence from src_kr20180054018a: cross_target_kd
glyphosate_kr20180054018a_Gly2,src_kr20180054018a::KR201_Gly2,GGTAATACGACTCACTATAGGGAGATACCAGCTTATTCAATTCGGATGCGGGTAATTGAATTAGTACGGTTTGCCTCTTGTGAGATAGTAAGTGCAATCT,100,nucleic_acid,DNA,full_published_sequence_with_flanks,CGGATGCGGGTAATTGAATTAGTACGGTTTGCCTCTTGT,43,81,GGTAATACGACTCACTATAGGGAGATACCAGCTTATTCAATT,GAGATAGTAAGTGCAATCT,glyphosate,glyphosate,primary_target,unknown,O=C(O)CNCP(=O)(O)O,patent,kr20180054018a glyphosate aptamer patent,2018,KR,KR20180054018A,KR201_Gly2,,,,,SPR,direct_binding,direct_affinity,positive,strong_positive,6.02,nM,6.02,8.220404,=,lower_Kd_stronger,AMPA|glycine,AMPA|glycine,,,,,unknown,unknown,,medium,gold,,kr201_seqgrp_002,,,SPR-derived affinity values reported in patent table,SPR_supported_patent_positive
ctr_0013,src_kr20180054018a::KR201_Gly3,GGTAATACGACTCACTATAGGGAGATACCAGCTTATTCAATTTGCTTGTAAAGTCGTCTCCCAGTGACGCCGTAGTCTTTCGAGATAGTAAGTGCAATCT,100,nucleic_acid,DNA,full_or_disclosed,TGCTTGTAAAGTCGTCTCCCAGTGACGCCGTAGTCTTTC,,,GGTAATACGACTCACTATAGGGAGATACCAGCTTATTCAATT,GAGATAGTAAGTGCAATCT,AMPA,ampa,counter_target,unknown,NCP(=O)(O)O,patent,kr20180054018a glyphosate aptamer patent,2018,KR,KR20180054018A,KR201_Gly3,,,,,SPR,specificity_panel,direct_affinity,positive,counter_target_positive,193000,nM,193000,3.714443,=,lower_Kd_stronger,AMPA,glyphosate,,,,,unknown,unknown,,medium,gold,counter_target_positive,kr201_seqgrp_003,,,SPR Kd(AMPA); selectivity_ratio_AMPA_to_glyphosate=2.23e+04,counter-target evidence from src_kr20180054018a: cross_target_kd
ctr_0014,src_kr20180054018a::KR201_Gly3,GGTAATACGACTCACTATAGGGAGATACCAGCTTATTCAATTTGCTTGTAAAGTCGTCTCCCAGTGACGCCGTAGTCTTTCGAGATAGTAAGTGCAATCT,100,nucleic_acid,DNA,full_or_disclosed,TGCTTGTAAAGTCGTCTCCCAGTGACGCCGTAGTCTTTC,,,GGTAATACGACTCACTATAGGGAGATACCAGCTTATTCAATT,GAGATAGTAAGTGCAATCT,glycine,glycine,counter_target,unknown,NCC(=O)O,patent,kr20180054018a glyphosate aptamer patent,2018,KR,KR20180054018A,KR201_Gly3,,,,,SPR,specificity_panel,direct_affinity,positive,counter_target_positive,11500,nM,11500,4.939302,=,lower_Kd_stronger,glycine,glyphosate,,,,,unknown,unknown,,medium,gold,counter_target_positive,kr201_seqgrp_003,,,SPR Kd(glycine); selectivity_ratio_glycine_to_glyphosate=1.33e+03,counter-target evidence from src_kr20180054018a: cross_target_kd
glyphosate_kr20180054018a_Gly3,src_kr20180054018a::KR201_Gly3,GGTAATACGACTCACTATAGGGAGATACCAGCTTATTCAATTTGCTTGTAAAGTCGTCTCCCAGTGACGCCGTAGTCTTTCGAGATAGTAAGTGCAATCT,100,nucleic_acid,DNA,full_published_sequence_with_flanks,TGCTTGTAAAGTCGTCTCCCAGTGACGCCGTAGTCTTTC,43,81,GGTAATACGACTCACTATAGGGAGATACCAGCTTATTCAATT,GAGATAGTAAGTGCAATCT,glyphosate,glyphosate,primary_target,unknown,O=C(O)CNCP(=O)(O)O,patent,kr20180054018a glyphosate aptamer patent,2018,KR,KR20180054018A,KR201_Gly3,,,,,SPR,direct_binding,direct_affinity,positive,strong_positive,8.64,nM,8.64,8.063486,=,lower_Kd_stronger,AMPA|glycine,AMPA|glycine,,,,,unknown,unknown,,medium,gold,,kr201_seqgrp_003,,,SPR-derived affinity values reported in patent table,SPR_supported_patent_positive
ctr_0015,src_kr20180054018a::KR201_Gly4,GGTAATACGACTCACTATAGGGAGATACCAGCTTATTCAATTGCCAACAATCTGTAAGCTCGTGAAGGTTTGCTAATATCCGAGATAGTAAGTGCAATCT,100,nucleic_acid,DNA,full_or_disclosed,GCCAACAATCTGTAAGCTCGTGAAGGTTTGCTAATATCC,,,GGTAATACGACTCACTATAGGGAGATACCAGCTTATTCAATT,GAGATAGTAAGTGCAATCT,AMPA,ampa,counter_target,unknown,NCP(=O)(O)O,patent,kr20180054018a glyphosate aptamer patent,2018,KR,KR20180054018A,KR201_Gly4,,,,,SPR,specificity_panel,direct_affinity,positive,counter_target_positive,1540,nM,1540,5.812479,=,lower_Kd_stronger,AMPA,glyphosate,,,,,unknown,unknown,,medium,gold,counter_target_positive,kr201_seqgrp_004,,,SPR Kd(AMPA); selectivity_ratio_AMPA_to_glyphosate=2.09e+04,counter-target evidence from src_kr20180054018a: cross_target_kd
ctr_0016,src_kr20180054018a::KR201_Gly4,GGTAATACGACTCACTATAGGGAGATACCAGCTTATTCAATTGCCAACAATCTGTAAGCTCGTGAAGGTTTGCTAATATCCGAGATAGTAAGTGCAATCT,100,nucleic_acid,DNA,full_or_disclosed,GCCAACAATCTGTAAGCTCGTGAAGGTTTGCTAATATCC,,,GGTAATACGACTCACTATAGGGAGATACCAGCTTATTCAATT,GAGATAGTAAGTGCAATCT,glycine,glycine,counter_target,unknown,NCC(=O)O,patent,kr20180054018a glyphosate aptamer patent,2018,KR,KR20180054018A,KR201_Gly4,,,,,SPR,specificity_panel,direct_affinity,positive,counter_target_positive,134000,nM,134000,3.872895,=,lower_Kd_stronger,glycine,glyphosate,,,,,unknown,unknown,,medium,gold,counter_target_positive,kr201_seqgrp_004,,,SPR Kd(glycine); selectivity_ratio_glycine_to_glyphosate=1.82e+06,counter-target evidence from src_kr20180054018a: cross_target_kd
glyphosate_kr20180054018a_Gly4,src_kr20180054018a::KR201_Gly4,GGTAATACGACTCACTATAGGGAGATACCAGCTTATTCAATTGCCAACAATCTGTAAGCTCGTGAAGGTTTGCTAATATCCGAGATAGTAAGTGCAATCT,100,nucleic_acid,DNA,full_published_sequence_with_flanks,GCCAACAATCTGTAAGCTCGTGAAGGTTTGCTAATATCC,43,81,GGTAATACGACTCACTATAGGGAGATACCAGCTTATTCAATT,GAGATAGTAAGTGCAATCT,glyphosate,glyphosate,primary_target,unknown,O=C(O)CNCP(=O)(O)O,patent,kr20180054018a glyphosate aptamer patent,2018,KR,KR20180054018A,KR201_Gly4,,,,,SPR,direct_binding,direct_affinity,positive,strong_positive,0.0737,nM,0.0737,10.132533,=,lower_Kd_stronger,AMPA|glycine,AMPA|glycine,,,,,unknown,unknown,,high,gold,,kr201_seqgrp_004,,,SPR-derived affinity values reported in patent table,SPR_supported_with_good_cross_target_separation
ctr_0017,src_kr20180054018a::KR201_Gly5,GGTAATACGACTCACTATAGGGAGATACCAGCTTATTCAATTCGGATGCGGGTAATTGAATTAGTGCGGTTTGCCCCTTGTGAGATAGTAAGTGCAATCT,100,nucleic_acid,DNA,full_or_disclosed,CGGATGCGGGTAATTGAATTAGTGCGGTTTGCCCCTTGT,,,GGTAATACGACTCACTATAGGGAGATACCAGCTTATTCAATT,GAGATAGTAAGTGCAATCT,AMPA,ampa,counter_target,unknown,NCP(=O)(O)O,patent,kr20180054018a glyphosate aptamer patent,2018,KR,KR20180054018A,KR201_Gly5,,,,,SPR,specificity_panel,direct_affinity,positive,counter_target_positive,63200,nM,63200,4.199283,=,lower_Kd_stronger,AMPA,glyphosate,,,,,unknown,unknown,,medium,gold,counter_target_positive,kr201_seqgrp_005,,,SPR Kd(AMPA); selectivity_ratio_AMPA_to_glyphosate=4.72e+05,counter-target evidence from src_kr20180054018a: cross_target_kd
ctr_0018,src_kr20180054018a::KR201_Gly5,GGTAATACGACTCACTATAGGGAGATACCAGCTTATTCAATTCGGATGCGGGTAATTGAATTAGTGCGGTTTGCCCCTTGTGAGATAGTAAGTGCAATCT,100,nucleic_acid,DNA,full_or_disclosed,CGGATGCGGGTAATTGAATTAGTGCGGTTTGCCCCTTGT,,,GGTAATACGACTCACTATAGGGAGATACCAGCTTATTCAATT,GAGATAGTAAGTGCAATCT,glycine,glycine,counter_target,unknown,NCC(=O)O,patent,kr20180054018a glyphosate aptamer patent,2018,KR,KR20180054018A,KR201_Gly5,,,,,SPR,specificity_panel,direct_affinity,positive,counter_target_positive,114000,nM,114000,3.943095,=,lower_Kd_stronger,glycine,glyphosate,,,,,unknown,unknown,,medium,gold,counter_target_positive,kr201_seqgrp_005,,,SPR Kd(glycine); selectivity_ratio_glycine_to_glyphosate=8.51e+05,counter-target evidence from src_kr20180054018a: cross_target_kd
glyphosate_kr20180054018a_Gly5,src_kr20180054018a::KR201_Gly5,GGTAATACGACTCACTATAGGGAGATACCAGCTTATTCAATTCGGATGCGGGTAATTGAATTAGTGCGGTTTGCCCCTTGTGAGATAGTAAGTGCAATCT,100,nucleic_acid,DNA,full_published_sequence_with_flanks,CGGATGCGGGTAATTGAATTAGTGCGGTTTGCCCCTTGT,43,81,GGTAATACGACTCACTATAGGGAGATACCAGCTTATTCAATT,GAGATAGTAAGTGCAATCT,glyphosate,glyphosate,primary_target,unknown,O=C(O)CNCP(=O)(O)O,patent,kr20180054018a glyphosate aptamer patent,2018,KR,KR20180054018A,KR201_Gly5,,,,,SPR,direct_binding,direct_affinity,positive,strong_positive,0.134,nM,0.134,9.872895,=,lower_Kd_stronger,AMPA|glycine,AMPA|glycine,,,,,unknown,unknown,,medium,gold,,kr201_seqgrp_005,,,SPR-derived affinity values reported in patent table,SPR_supported_patent_positive
ctr_0019,src_kr20180054018a::KR201_Gly6,GGTAATACGACTCACTATAGGGAGATACCAGCTTATTCAATTGGAATGACCTGGATTGACCCGTGAGTGTAGCATTTGTCCGAGATAGTAAGTGCAATCT,100,nucleic_acid,DNA,full_or_disclosed,GGAATGACCTGGATTGACCCGTGAGTGTAGCATTTGTCC,,,GGTAATACGACTCACTATAGGGAGATACCAGCTTATTCAATT,GAGATAGTAAGTGCAATCT,AMPA,ampa,counter_target,unknown,NCP(=O)(O)O,patent,kr20180054018a glyphosate aptamer patent,2018,KR,KR20180054018A,KR201_Gly6,,,,,SPR,specificity_panel,direct_affinity,positive,counter_target_positive,31700,nM,31700,4.498941,=,lower_Kd_stronger,AMPA,glyphosate,,,,,unknown,unknown,,medium,gold,counter_target_positive,kr201_seqgrp_006,,,SPR Kd(AMPA); selectivity_ratio_AMPA_to_glyphosate=5.86e+05,counter-target evidence from src_kr20180054018a: cross_target_kd
ctr_0020,src_kr20180054018a::KR201_Gly6,GGTAATACGACTCACTATAGGGAGATACCAGCTTATTCAATTGGAATGACCTGGATTGACCCGTGAGTGTAGCATTTGTCCGAGATAGTAAGTGCAATCT,100,nucleic_acid,DNA,full_or_disclosed,GGAATGACCTGGATTGACCCGTGAGTGTAGCATTTGTCC,,,GGTAATACGACTCACTATAGGGAGATACCAGCTTATTCAATT,GAGATAGTAAGTGCAATCT,glycine,glycine,counter_target,unknown,NCC(=O)O,patent,kr20180054018a glyphosate aptamer patent,2018,KR,KR20180054018A,KR201_Gly6,,,,,SPR,specificity_panel,direct_affinity,positive,counter_target_positive,54.3,nM,54.3,7.2652,=,lower_Kd_stronger,glycine,glyphosate,,,,,unknown,unknown,,medium,gold,counter_target_positive,kr201_seqgrp_006,,,SPR Kd(glycine); selectivity_ratio_glycine_to_glyphosate=1e+03,counter-target evidence from src_kr20180054018a: cross_target_kd
glyphosate_kr20180054018a_Gly6,src_kr20180054018a::KR201_Gly6,GGTAATACGACTCACTATAGGGAGATACCAGCTTATTCAATTGGAATGACCTGGATTGACCCGTGAGTGTAGCATTTGTCCGAGATAGTAAGTGCAATCT,100,nucleic_acid,DNA,full_published_sequence_with_flanks,GGAATGACCTGGATTGACCCGTGAGTGTAGCATTTGTCC,43,81,GGTAATACGACTCACTATAGGGAGATACCAGCTTATTCAATT,GAGATAGTAAGTGCAATCT,glyphosate,glyphosate,primary_target,unknown,O=C(O)CNCP(=O)(O)O,patent,kr20180054018a glyphosate aptamer patent,2018,KR,KR20180054018A,KR201_Gly6,,,,,SPR,direct_binding,direct_affinity,positive,strong_positive,0.0541,nM,0.0541,10.266803,=,lower_Kd_stronger,AMPA|glycine,AMPA|glycine,,,,,unknown,unknown,,medium,gold,,kr201_seqgrp_006,,,SPR-derived affinity values reported in patent table,SPR_supported_patent_positive
ctr_0021,src_kr20180054018a::KR201_Gly7,GGTAATACGACTCACTATAGGGAGATACCAGCTTATTCAATTTTACAGAACGACTAACGTCGCTCCGGGTACTTCTCCATCGAGATAGTAAGTGCAATCT,100,nucleic_acid,DNA,full_or_disclosed,TTACAGAACGACTAACGTCGCTCCGGGTACTTCTCCATC,,,GGTAATACGACTCACTATAGGGAGATACCAGCTTATTCAATT,GAGATAGTAAGTGCAATCT,AMPA,ampa,counter_target,unknown,NCP(=O)(O)O,patent,kr20180054018a glyphosate aptamer patent,2018,KR,KR20180054018A,KR201_Gly7,,,,,SPR,specificity_panel,direct_affinity,positive,counter_target_positive,22700,nM,22700,4.643974,=,lower_Kd_stronger,AMPA,glyphosate,,,,,unknown,unknown,,medium,gold,counter_target_positive,kr201_seqgrp_007,,,SPR Kd(AMPA); selectivity_ratio_AMPA_to_glyphosate=3.18e+06,counter-target evidence from src_kr20180054018a: cross_target_kd
ctr_0022,src_kr20180054018a::KR201_Gly7,GGTAATACGACTCACTATAGGGAGATACCAGCTTATTCAATTTTACAGAACGACTAACGTCGCTCCGGGTACTTCTCCATCGAGATAGTAAGTGCAATCT,100,nucleic_acid,DNA,full_or_disclosed,TTACAGAACGACTAACGTCGCTCCGGGTACTTCTCCATC,,,GGTAATACGACTCACTATAGGGAGATACCAGCTTATTCAATT,GAGATAGTAAGTGCAATCT,glycine,glycine,counter_target,unknown,NCC(=O)O,patent,kr20180054018a glyphosate aptamer patent,2018,KR,KR20180054018A,KR201_Gly7,,,,,SPR,specificity_panel,direct_affinity,positive,counter_target_positive,113000,nM,113000,3.946922,=,lower_Kd_stronger,glycine,glyphosate,,,,,unknown,unknown,,medium,gold,counter_target_positive,kr201_seqgrp_007,,,SPR Kd(glycine); selectivity_ratio_glycine_to_glyphosate=1.58e+07,counter-target evidence from src_kr20180054018a: cross_target_kd
glyphosate_kr20180054018a_Gly7,src_kr20180054018a::KR201_Gly7,GGTAATACGACTCACTATAGGGAGATACCAGCTTATTCAATTTTACAGAACGACTAACGTCGCTCCGGGTACTTCTCCATCGAGATAGTAAGTGCAATCT,100,nucleic_acid,DNA,full_published_sequence_with_flanks,TTACAGAACGACTAACGTCGCTCCGGGTACTTCTCCATC,43,81,GGTAATACGACTCACTATAGGGAGATACCAGCTTATTCAATT,GAGATAGTAAGTGCAATCT,glyphosate,glyphosate,primary_target,unknown,O=C(O)CNCP(=O)(O)O,patent,kr20180054018a glyphosate aptamer patent,2018,KR,KR20180054018A,KR201_Gly7,,,,,SPR,direct_binding,direct_affinity,positive,strong_positive,0.00713,nM,0.00713,11.14691,=,lower_Kd_stronger,AMPA|glycine,AMPA|glycine,,,,,unknown,unknown,,high,gold,,kr201_seqgrp_007,,,SPR-derived affinity values reported in patent table,SPR_supported_with_good_cross_target_separation
ctr_0023,src_kr20180054018a::KR201_Gly8,GGTAATACGACTCACTATAGGGAGATACCAGCTTATTCAATTCTTCTAGTAATTGGACTCTGCAGTAGAGCTGTCTAGGTGGAGATAGTAAGTGCAATCT,100,nucleic_acid,DNA,full_or_disclosed,CTTCTAGTAATTGGACTCTGCAGTAGAGCTGTCTAGGTG,,,GGTAATACGACTCACTATAGGGAGATACCAGCTTATTCAATT,GAGATAGTAAGTGCAATCT,AMPA,ampa,counter_target,unknown,NCP(=O)(O)O,patent,kr20180054018a glyphosate aptamer patent,2018,KR,KR20180054018A,KR201_Gly8,,,,,SPR,specificity_panel,direct_affinity,positive,counter_target_positive,138000,nM,138000,3.860121,=,lower_Kd_stronger,AMPA,glyphosate,,,,,unknown,unknown,,medium,gold,counter_target_positive,kr201_seqgrp_008,,,SPR Kd(AMPA); selectivity_ratio_AMPA_to_glyphosate=3.32e+07,counter-target evidence from src_kr20180054018a: cross_target_kd
ctr_0024,src_kr20180054018a::KR201_Gly8,GGTAATACGACTCACTATAGGGAGATACCAGCTTATTCAATTCTTCTAGTAATTGGACTCTGCAGTAGAGCTGTCTAGGTGGAGATAGTAAGTGCAATCT,100,nucleic_acid,DNA,full_or_disclosed,CTTCTAGTAATTGGACTCTGCAGTAGAGCTGTCTAGGTG,,,GGTAATACGACTCACTATAGGGAGATACCAGCTTATTCAATT,GAGATAGTAAGTGCAATCT,glycine,glycine,counter_target,unknown,NCC(=O)O,patent,kr20180054018a glyphosate aptamer patent,2018,KR,KR20180054018A,KR201_Gly8,,,,,SPR,specificity_panel,direct_affinity,positive,counter_target_positive,1240,nM,1240,5.906578,=,lower_Kd_stronger,glycine,glyphosate,,,,,unknown,unknown,,medium,gold,counter_target_positive,kr201_seqgrp_008,,,SPR Kd(glycine); selectivity_ratio_glycine_to_glyphosate=2.98e+05,counter-target evidence from src_kr20180054018a: cross_target_kd
glyphosate_kr20180054018a_Gly8,src_kr20180054018a::KR201_Gly8,GGTAATACGACTCACTATAGGGAGATACCAGCTTATTCAATTCTTCTAGTAATTGGACTCTGCAGTAGAGCTGTCTAGGTGGAGATAGTAAGTGCAATCT,100,nucleic_acid,DNA,full_published_sequence_with_flanks,CTTCTAGTAATTGGACTCTGCAGTAGAGCTGTCTAGGTG,43,81,GGTAATACGACTCACTATAGGGAGATACCAGCTTATTCAATT,GAGATAGTAAGTGCAATCT,glyphosate,glyphosate,primary_target,unknown,O=C(O)CNCP(=O)(O)O,patent,kr20180054018a glyphosate aptamer patent,2018,KR,KR20180054018A,KR201_Gly8,,,,,SPR,direct_binding,direct_affinity,positive,strong_positive,0.00416,nM,0.00416,11.380907,=,lower_Kd_stronger,AMPA|glycine,AMPA|glycine,,,,,unknown,unknown,,high,gold,,kr201_seqgrp_008,,,SPR-derived affinity values reported in patent table,patent_lead_with_SPR_cross_target_matrix
