sequence,target,source,canonical_smiles,length,gc_fraction,shannon_entropy,proba_new_model
GGGCGGGAAAGACGCAGACGCGAAGAAGATGCATAGTACGGGGTTAGACAGATAAGCCGT,glyphosate,known_positive,O=C(O)CNCP(=O)(O)O,60,0.55,1.8510363907695953,0.9978112645018026
CGTACGGAATTCGCTAGCTAAACAATAACAACCGACCGACTGAACGCCACCCCGAGTAGGATCCGAGCTCCACGTG,glyphosate,known_positive,O=C(O)CNCP(=O)(O)O,76,0.5526315789473685,1.9363624366021979,0.9986861027753497
AGGTCGACGAATAACGTAGCGTGCATCTAATGGTATAGTAGGTCGGCTCAAGGGGTTGTG,glyphosate,known_positive,O=C(O)CNCP(=O)(O)O,60,0.5,1.9406454496153462,0.997596737990364
CGTACGGAATTCGCTAGCCAGCAATGCATGCAGACAAGACCGTCCCAGACCGTGCCCAGGATCCGAGCTCCACGTG,glyphosate,known_positive,O=C(O)CNCP(=O)(O)O,76,0.6052631578947368,1.9398437617349797,0.9949859886795434
CGTACGGAATTCGCTAGCTGGTGGGGGCGGGGTGGGGTGGAAAAGTAACGTGCAGTTAGGATCCGAGCTCCACGTG,glyphosate,known_positive,O=C(O)CNCP(=O)(O)O,76,0.6052631578947368,1.8991158453243484,0.9985525339663217
CGTACGGAATTCGCTAGCATCGTACGCACACACATGGCATAATCATACACATACAACCGGATCCGAGCTCCACGTG,glyphosate,known_positive,O=C(O)CNCP(=O)(O)O,76,0.5131578947368421,1.9586202391073582,0.9924278504375471
CGTACGGAATTCGCTAGCCGTGGTCGACGGGAGGGGGAGGTGGGTGGTGGTATGAGTGGGATCCGAGCTCCACGTG,glyphosate,known_positive,O=C(O)CNCP(=O)(O)O,76,0.6447368421052632,1.8472593102243495,0.9990585133489244
GGTAATACGACTCACTATAGGGAGATACCAGCTTATTCAATTGGAATGACCTGGATTGACCCGTGAGTGTAGCATTTGTCCGAGATAGTAAGTGCAATCT,glyphosate,known_positive,O=C(O)CNCP(=O)(O)O,100,0.43,1.9774317753083022,0.8880777026554915
CGTACGGAATTCGCTAGCCATAGTGCGGGGGTAGGGGTTGGGGGGGGTGCCGAGTACAGGATCCGAGCTCCACGTG,glyphosate,known_positive,O=C(O)CNCP(=O)(O)O,76,0.6447368421052632,1.8811684189242486,0.9997357540511542
CGTACGGAATTCGCTAGCTGTCGCTTACTCTCTGTGGAGTCTCTGGGTGGATCCGAGCTCCACGTG,glyphosate,known_positive,O=C(O)CNCP(=O)(O)O,66,0.5757575757575758,1.9423159422051532,0.9982244762485141
GGTAATACGACTCACTATAGGGAGATACCAGCTTATTCAATTTCGGTAATACTAGTTGGTCTTTCCCCGTTCCATTCTGTGGAGATAGTAAGTGCAATCT,glyphosate,known_positive,O=C(O)CNCP(=O)(O)O,100,0.41,1.970319525908739,0.8082819422304724
CGTACGGAATTCGCTAGCTGGGTAGTATGAAGGGTGGGTGGTGGGTAGAGTCTGTCTGGGATCCGAGCTCCACGTG,glyphosate,known_positive,O=C(O)CNCP(=O)(O)O,76,0.5789473684210527,1.8992151312187218,0.9995610911637274
CGTACGGAATTCGCTAGCTGGCATACATGTGCTACCTACGCCTACTGATTATAGACTCGGATCCGAGCTCCACGTG,glyphosate,known_positive,O=C(O)CNCP(=O)(O)O,76,0.5263157894736842,1.9931428201190322,0.9973823009457634
GGTAATACGACTCACTATAGGGAGATACCAGCTTATTCAATTCGGATGCGGGTAATTGAATTAGTGCGGTTTGCCCCTTGTGAGATAGTAAGTGCAATCT,glyphosate,known_positive,O=C(O)CNCP(=O)(O)O,100,0.43,1.9709863757787909,0.8717782254762613
GGTAATACGACTCACTATAGGGAGATACCAGCTTATTCAATTCGGATGCGGGTAATTGAATTAGTACGGTTTGCCTCTTGTGAGATAGTAAGTGCAATCT,glyphosate,known_positive,O=C(O)CNCP(=O)(O)O,100,0.41,1.961031907934983,0.8395669658074162
GGACAGCTGGCCGCGTAGCGAGACACGTACAAGGTACTATACGGCTGGCATATGTATCTG,glycine,counter_target,O=C(O)CNCP(=O)(O)O,60,0.55,1.9796155854915813,0.9996027510918857
GGTAATACGACTCACTATAGGGAGATACCAGCTTATTCAATTTGCTTGTAAAGTCGTCTCCCAGTGACGCCGTAGTCTTTCGAGATAGTAAGTGCAATCT,glycine,counter_target,O=C(O)CNCP(=O)(O)O,100,0.43,1.9845077706242877,0.8860302897777992
CGTACGGAATTCGCTAGCAGAGGGATGGTGTGGGTGGCTGCGGCTATAGGAGCGTACCGGATCCGAGCTCCACGTG,ampa,counter_target,O=C(O)CNCP(=O)(O)O,76,0.618421052631579,1.9242444343324596,0.9997358246997297
GTATCACTGGGACAACTGGTGTGAAAGGTCGGAAGCAGACCTACACTCACAAGGGATGTG,glycine,counter_target,O=C(O)CNCP(=O)(O)O,60,0.5166666666666667,1.9595144190242868,0.999966940118818
GGTAATACGACTCACTATAGGGAGATACCAGCTTATTCAATTCGGATGCGGGTAATTGAATTAGTGCGGTTTGCCCCTTGTGAGATAGTAAGTGCAATCT,glycine,counter_target,O=C(O)CNCP(=O)(O)O,100,0.43,1.9709863757787909,0.8717782254762613
GGTAATACGACTCACTATAGGGAGATACCAGCTTATTCAATTCGGATGCGGGTAATTGAATTAGTACGGTTTGCCTCTTGTGAGATAGTAAGTGCAATCT,glycine,counter_target,O=C(O)CNCP(=O)(O)O,100,0.41,1.961031907934983,0.8395669658074162
GGTAATACGACTCACTATAGGGAGATACCAGCTTATTCAATTTTACAGAACGACTAACGTCGCTCCGGGTACTTCTCCATCGAGATAGTAAGTGCAATCT,ampa,counter_target,O=C(O)CNCP(=O)(O)O,100,0.43,1.9831645166374472,0.9810940712778673
GGTAATACGACTCACTATAGGGAGATACCAGCTTATTCAATTTCGGTAATACTAGTTGGTCTTTCCCCGTTCCATTCTGTGGAGATAGTAAGTGCAATCT,ampa,counter_target,O=C(O)CNCP(=O)(O)O,100,0.41,1.970319525908739,0.8082819422304724
GTGGGGACCTATATGGGTCGAGGCGGGAAAAGGGGGATTGCTACGGACCCGCTGAACATG,alanine,counter_target,O=C(O)CNCP(=O)(O)O,60,0.6,1.8956838888242107,0.9983465905161343
GGTAATACGACTCACTATAGGGAGATACCAGCTTATTCAATTGCCAACAATCTGTAAGCTCGTGAAGGTTTGCTAATATCCGAGATAGTAAGTGCAATCT,glycine,counter_target,O=C(O)CNCP(=O)(O)O,100,0.4,1.9683039252607746,0.9888147719474476
GGTAATACGACTCACTATAGGGAGATACCAGCTTATTCAATTTGCTTGTAAAGTCGTCTCCCAGTGACGCCGTAGTCTTTCGAGATAGTAAGTGCAATCT,ampa,counter_target,O=C(O)CNCP(=O)(O)O,100,0.43,1.9845077706242877,0.8860302897777992
GGTAATACGACTCACTATAGGGAGATACCAGCTTATTCAATTGCCAACAATCTGTAAGCTCGTGAAGGTTTGCTAATATCCGAGATAGTAAGTGCAATCT,ampa,counter_target,O=C(O)CNCP(=O)(O)O,100,0.4,1.9683039252607746,0.9888147719474476
GGTAATACGACTCACTATAGGGAGATACCAGCTTATTCAATTGGAATGACCTGGATTGACCCGTGAGTGTAGCATTTGTCCGAGATAGTAAGTGCAATCT,glycine,counter_target,O=C(O)CNCP(=O)(O)O,100,0.43,1.9774317753083022,0.8880777026554915
GTATCACTGGGACAACTGGTGTGAAAGGTCGGAAGCAGACCTACACTCACAAGGGATGTG,alanine,counter_target,O=C(O)CNCP(=O)(O)O,60,0.5166666666666667,1.9595144190242868,0.999966940118818
GGTAATACGACTCACTATAGGGAGATACCAGCTTATTCAATTTCGGTAATACTAGTTGGTCTTTCCCCGTTCCATTCTGTGGAGATAGTAAGTGCAATCT,glycine,counter_target,O=C(O)CNCP(=O)(O)O,100,0.41,1.970319525908739,0.8082819422304724
ATGACCTCATATCTTGACACCCGCGGGACTGCTCAGTAATACTACTCGACTAGGGTCAAGTACCAAGGAT,glyphosate,random,O=C(O)CNCP(=O)(O)O,70,0.4857142857142857,1.9899609656977786,0.9988526798606832
TAAACCTAACCGAGACTCTGACAAGTTTCAGCCTATTATA,glyphosate,random,O=C(O)CNCP(=O)(O)O,40,0.375,1.9172871414591832,0.9987489128614206
CTCCCCAATACGATATGTTGGTGCATAGAGACTCCCCGAA,glyphosate,random,O=C(O)CNCP(=O)(O)O,40,0.5,1.9818625242212384,0.9950495242232532
ATCGGTGTTTGGCTAGGGTATAGTGCACGCTGCGACAATCGTTTTTGCTCGTACACAGCG,glyphosate,random,O=C(O)CNCP(=O)(O)O,60,0.5166666666666667,1.9689445257290568,0.9983984279896667
TCGCATCGACGGCATGCTTGTGAGAAGTTCTGTTGTGGGA,glyphosate,random,O=C(O)CNCP(=O)(O)O,40,0.525,1.9312908992306927,0.9910119026885857
CACCCATTAGGCAATGGAAATCACCGATTGACGACTCGTCCTGCTACATTGGTACCCCAGTTGTGTTACGCCAATCATGC,glyphosate,random,O=C(O)CNCP(=O)(O)O,80,0.5,1.9854752972273344,0.9968703685024569
GGTAGACCAGCCATCCATAAGACCACACTAATCGTGGCACTCGATTCTGAGTGGCATAAT,glyphosate,random,O=C(O)CNCP(=O)(O)O,60,0.48333333333333334,1.9857225506480183,0.7771869730225969
GTAGAAACCTAATCTGGCCGTACTCGCGTTCCGGCCTAAGCAACCAGGTTTACGTTGTCACGACACAAGC,glyphosate,random,O=C(O)CNCP(=O)(O)O,70,0.5285714285714286,1.987844804967204,0.9991131414360962
GACACGGCATCGTACTGTTAATTTCAAGAAACGTTCACAAAGCATGCCTG,glyphosate,random,O=C(O)CNCP(=O)(O)O,50,0.44,1.9786885704510973,0.7164019685398132
TTGGCAACCTCCCCTTTCGCTACACCTAGGCGGACAAAAGAAGCAGCGGGGTTCTTGAGCCCGAGAATCA,glyphosate,random,O=C(O)CNCP(=O)(O)O,70,0.5571428571428572,1.9798304131433748,0.9893774390046948
TAGGCGCACCACGCCAGATTCACTTGCGCATTCCTGATCTGAGTGTGCAA,glyphosate,random,O=C(O)CNCP(=O)(O)O,50,0.54,1.9899320546458088,0.933107749656179
AACGTGTACAGATTCGCGACCTAACCGTGAGTTGGTCGCGGTTCACGAGTCTCGAATCTT,glyphosate,random,O=C(O)CNCP(=O)(O)O,60,0.5166666666666667,1.9950726744424856,0.9995105256748623
CCCAACTGATTTAGGTTGCTTCATGATAGTAGGTGCCTTATAAGTATGTTTAATCCATACCCTTCGTGACCGTTAGTCTA,glyphosate,random,O=C(O)CNCP(=O)(O)O,80,0.4,1.9508993592684716,0.9990857875341843
AGTAGGCACTGATGCATGCGAACACCTGTGTACAGTATGCACCGATCCGTTATACATTTG,glyphosate,random,O=C(O)CNCP(=O)(O)O,60,0.4666666666666667,1.9967916319816368,0.9968448651736209
ACGCGTACCAGGGGGGAGATAGACGGACCGTCGTCACAATTCACACGTTGCGCGGTCCCTTGACTGCACA,glyphosate,random,O=C(O)CNCP(=O)(O)O,70,0.6,1.9650418488683692,0.9987709687588971
ATCAATCGCTAATGATTTACGTTGAAGCCTTAGATTCTCATTACAGTTAAAACGGTCCGGAGGCCTAAAAGAAATGGCAG,glyphosate,random,O=C(O)CNCP(=O)(O)O,80,0.4,1.9630423989854728,0.9999554969094258
GGCGATCTAATATTGTACGAGCATCTGGATACGGGTGGGC,glyphosate,random,O=C(O)CNCP(=O)(O)O,40,0.525,1.9543516117607593,0.9789013822724816
GTTGGCACTGCTTGCCCAGGAACGCTGTGTCGTGACTTCGCGCCACGTCCACAAAGACTGACGTGTGGTTGGTGCCACGG,glyphosate,random,O=C(O)CNCP(=O)(O)O,80,0.6125,1.9542065446026684,0.9947452015737722
GTCTTATAACCGCGCAGATTGTTGAACCGCGATGCACGGGGGACGTTCATAATGCGCTCGGCGCCCCGGT,glyphosate,random,O=C(O)CNCP(=O)(O)O,70,0.6,1.9684954058345414,0.9999163633064814
ACTCCCCCTGATGTCAGAGTATTCAGCACATCTCCCGTACCTAATGTCATAGTATAGTTCACTCTACGTGCGGTGATTCG,glyphosate,random,O=C(O)CNCP(=O)(O)O,80,0.475,1.975140170303507,0.9985156545177476
