sequence,target,source,canonical_smiles,proba_new_model,proba_old_model
GGGCGGGAAAGACGCAGACGCGAAGAAGATGCATAGTACGGGGTTAGACAGATAAGCCGT,glyphosate,known_positive,O=C(O)CNCP(=O)(O)O,0.9999283533241341,0.9978112645018026
CGTACGGAATTCGCTAGCTAAACAATAACAACCGACCGACTGAACGCCACCCCGAGTAGGATCCGAGCTCCACGTG,glyphosate,known_positive,O=C(O)CNCP(=O)(O)O,0.9999032107138023,0.9986861027753497
AGGTCGACGAATAACGTAGCGTGCATCTAATGGTATAGTAGGTCGGCTCAAGGGGTTGTG,glyphosate,known_positive,O=C(O)CNCP(=O)(O)O,0.9998539295022656,0.997596737990364
CGTACGGAATTCGCTAGCCAGCAATGCATGCAGACAAGACCGTCCCAGACCGTGCCCAGGATCCGAGCTCCACGTG,glyphosate,known_positive,O=C(O)CNCP(=O)(O)O,0.9991995599768527,0.9949859886795434
CGTACGGAATTCGCTAGCTGGTGGGGGCGGGGTGGGGTGGAAAAGTAACGTGCAGTTAGGATCCGAGCTCCACGTG,glyphosate,known_positive,O=C(O)CNCP(=O)(O)O,0.9998928298582908,0.9985525339663217
CGTACGGAATTCGCTAGCATCGTACGCACACACATGGCATAATCATACACATACAACCGGATCCGAGCTCCACGTG,glyphosate,known_positive,O=C(O)CNCP(=O)(O)O,0.9998197661046397,0.9924278504375471
CGTACGGAATTCGCTAGCCGTGGTCGACGGGAGGGGGAGGTGGGTGGTGGTATGAGTGGGATCCGAGCTCCACGTG,glyphosate,known_positive,O=C(O)CNCP(=O)(O)O,0.9997102664287122,0.9990585133489244
GGTAATACGACTCACTATAGGGAGATACCAGCTTATTCAATTGGAATGACCTGGATTGACCCGTGAGTGTAGCATTTGTCCGAGATAGTAAGTGCAATCT,glyphosate,known_positive,O=C(O)CNCP(=O)(O)O,0.9999746514548596,0.8880777026554915
CGTACGGAATTCGCTAGCCATAGTGCGGGGGTAGGGGTTGGGGGGGGTGCCGAGTACAGGATCCGAGCTCCACGTG,glyphosate,known_positive,O=C(O)CNCP(=O)(O)O,0.9992594215167203,0.9997357540511542
CGTACGGAATTCGCTAGCTGTCGCTTACTCTCTGTGGAGTCTCTGGGTGGATCCGAGCTCCACGTG,glyphosate,known_positive,O=C(O)CNCP(=O)(O)O,0.9995992455000039,0.9982244762485141
GGTAATACGACTCACTATAGGGAGATACCAGCTTATTCAATTTCGGTAATACTAGTTGGTCTTTCCCCGTTCCATTCTGTGGAGATAGTAAGTGCAATCT,glyphosate,known_positive,O=C(O)CNCP(=O)(O)O,0.999891473038457,0.8082819422304724
CGTACGGAATTCGCTAGCTGGGTAGTATGAAGGGTGGGTGGTGGGTAGAGTCTGTCTGGGATCCGAGCTCCACGTG,glyphosate,known_positive,O=C(O)CNCP(=O)(O)O,0.9999679153121949,0.9995610911637274
CGTACGGAATTCGCTAGCTGGCATACATGTGCTACCTACGCCTACTGATTATAGACTCGGATCCGAGCTCCACGTG,glyphosate,known_positive,O=C(O)CNCP(=O)(O)O,0.9997731455390808,0.9973823009457634
GGTAATACGACTCACTATAGGGAGATACCAGCTTATTCAATTCGGATGCGGGTAATTGAATTAGTGCGGTTTGCCCCTTGTGAGATAGTAAGTGCAATCT,glyphosate,known_positive,O=C(O)CNCP(=O)(O)O,0.999928496106637,0.8717782254762613
GGTAATACGACTCACTATAGGGAGATACCAGCTTATTCAATTCGGATGCGGGTAATTGAATTAGTACGGTTTGCCTCTTGTGAGATAGTAAGTGCAATCT,glyphosate,known_positive,O=C(O)CNCP(=O)(O)O,0.9999121289663121,0.8395669658074162
GGACAGCTGGCCGCGTAGCGAGACACGTACAAGGTACTATACGGCTGGCATATGTATCTG,glycine,counter_target,O=C(O)CNCP(=O)(O)O,0.9870976636153902,0.9996027510918857
GGTAATACGACTCACTATAGGGAGATACCAGCTTATTCAATTTGCTTGTAAAGTCGTCTCCCAGTGACGCCGTAGTCTTTCGAGATAGTAAGTGCAATCT,glycine,counter_target,O=C(O)CNCP(=O)(O)O,0.999946424511909,0.8860302897777992
CGTACGGAATTCGCTAGCAGAGGGATGGTGTGGGTGGCTGCGGCTATAGGAGCGTACCGGATCCGAGCTCCACGTG,ampa,counter_target,O=C(O)CNCP(=O)(O)O,0.9666238456886049,0.9997358246997297
GTATCACTGGGACAACTGGTGTGAAAGGTCGGAAGCAGACCTACACTCACAAGGGATGTG,glycine,counter_target,O=C(O)CNCP(=O)(O)O,0.9871178546479714,0.999966940118818
GGTAATACGACTCACTATAGGGAGATACCAGCTTATTCAATTCGGATGCGGGTAATTGAATTAGTGCGGTTTGCCCCTTGTGAGATAGTAAGTGCAATCT,glycine,counter_target,O=C(O)CNCP(=O)(O)O,0.999928496106637,0.8717782254762613
GGTAATACGACTCACTATAGGGAGATACCAGCTTATTCAATTCGGATGCGGGTAATTGAATTAGTACGGTTTGCCTCTTGTGAGATAGTAAGTGCAATCT,glycine,counter_target,O=C(O)CNCP(=O)(O)O,0.9999121289663121,0.8395669658074162
GGTAATACGACTCACTATAGGGAGATACCAGCTTATTCAATTTTACAGAACGACTAACGTCGCTCCGGGTACTTCTCCATCGAGATAGTAAGTGCAATCT,ampa,counter_target,O=C(O)CNCP(=O)(O)O,0.999983731302546,0.9810940712778673
GGTAATACGACTCACTATAGGGAGATACCAGCTTATTCAATTTCGGTAATACTAGTTGGTCTTTCCCCGTTCCATTCTGTGGAGATAGTAAGTGCAATCT,ampa,counter_target,O=C(O)CNCP(=O)(O)O,0.999891473038457,0.8082819422304724
GTGGGGACCTATATGGGTCGAGGCGGGAAAAGGGGGATTGCTACGGACCCGCTGAACATG,alanine,counter_target,O=C(O)CNCP(=O)(O)O,0.9692994076727283,0.9983465905161343
GGTAATACGACTCACTATAGGGAGATACCAGCTTATTCAATTGCCAACAATCTGTAAGCTCGTGAAGGTTTGCTAATATCCGAGATAGTAAGTGCAATCT,glycine,counter_target,O=C(O)CNCP(=O)(O)O,0.9999908848929446,0.9888147719474476
GGTAATACGACTCACTATAGGGAGATACCAGCTTATTCAATTTGCTTGTAAAGTCGTCTCCCAGTGACGCCGTAGTCTTTCGAGATAGTAAGTGCAATCT,ampa,counter_target,O=C(O)CNCP(=O)(O)O,0.999946424511909,0.8860302897777992
GGTAATACGACTCACTATAGGGAGATACCAGCTTATTCAATTGCCAACAATCTGTAAGCTCGTGAAGGTTTGCTAATATCCGAGATAGTAAGTGCAATCT,ampa,counter_target,O=C(O)CNCP(=O)(O)O,0.9999908848929446,0.9888147719474476
GGTAATACGACTCACTATAGGGAGATACCAGCTTATTCAATTGGAATGACCTGGATTGACCCGTGAGTGTAGCATTTGTCCGAGATAGTAAGTGCAATCT,glycine,counter_target,O=C(O)CNCP(=O)(O)O,0.9999746514548596,0.8880777026554915
GTATCACTGGGACAACTGGTGTGAAAGGTCGGAAGCAGACCTACACTCACAAGGGATGTG,alanine,counter_target,O=C(O)CNCP(=O)(O)O,0.9871178546479714,0.999966940118818
GGTAATACGACTCACTATAGGGAGATACCAGCTTATTCAATTTCGGTAATACTAGTTGGTCTTTCCCCGTTCCATTCTGTGGAGATAGTAAGTGCAATCT,glycine,counter_target,O=C(O)CNCP(=O)(O)O,0.999891473038457,0.8082819422304724
ATGACCTCATATCTTGACACCCGCGGGACTGCTCAGTAATACTACTCGACTAGGGTCAAGTACCAAGGAT,glyphosate,random,O=C(O)CNCP(=O)(O)O,0.9995132663468769,0.9988526798606832
TAAACCTAACCGAGACTCTGACAAGTTTCAGCCTATTATA,glyphosate,random,O=C(O)CNCP(=O)(O)O,0.9999769854387429,0.9987489128614206
CTCCCCAATACGATATGTTGGTGCATAGAGACTCCCCGAA,glyphosate,random,O=C(O)CNCP(=O)(O)O,0.9998833897317817,0.9950495242232532
ATCGGTGTTTGGCTAGGGTATAGTGCACGCTGCGACAATCGTTTTTGCTCGTACACAGCG,glyphosate,random,O=C(O)CNCP(=O)(O)O,0.9999332431295448,0.9983984279896667
TCGCATCGACGGCATGCTTGTGAGAAGTTCTGTTGTGGGA,glyphosate,random,O=C(O)CNCP(=O)(O)O,0.9999035119986661,0.9910119026885857
CACCCATTAGGCAATGGAAATCACCGATTGACGACTCGTCCTGCTACATTGGTACCCCAGTTGTGTTACGCCAATCATGC,glyphosate,random,O=C(O)CNCP(=O)(O)O,0.9989845955388327,0.9968703685024569
GGTAGACCAGCCATCCATAAGACCACACTAATCGTGGCACTCGATTCTGAGTGGCATAAT,glyphosate,random,O=C(O)CNCP(=O)(O)O,0.9856550222379602,0.7771869730225969
GTAGAAACCTAATCTGGCCGTACTCGCGTTCCGGCCTAAGCAACCAGGTTTACGTTGTCACGACACAAGC,glyphosate,random,O=C(O)CNCP(=O)(O)O,0.9999665016080865,0.9991131414360962
GACACGGCATCGTACTGTTAATTTCAAGAAACGTTCACAAAGCATGCCTG,glyphosate,random,O=C(O)CNCP(=O)(O)O,0.9970995859864182,0.7164019685398132
TTGGCAACCTCCCCTTTCGCTACACCTAGGCGGACAAAAGAAGCAGCGGGGTTCTTGAGCCCGAGAATCA,glyphosate,random,O=C(O)CNCP(=O)(O)O,0.9999058475710807,0.9893774390046948
TAGGCGCACCACGCCAGATTCACTTGCGCATTCCTGATCTGAGTGTGCAA,glyphosate,random,O=C(O)CNCP(=O)(O)O,0.9998295432767261,0.933107749656179
AACGTGTACAGATTCGCGACCTAACCGTGAGTTGGTCGCGGTTCACGAGTCTCGAATCTT,glyphosate,random,O=C(O)CNCP(=O)(O)O,0.9994425568442846,0.9995105256748623
CCCAACTGATTTAGGTTGCTTCATGATAGTAGGTGCCTTATAAGTATGTTTAATCCATACCCTTCGTGACCGTTAGTCTA,glyphosate,random,O=C(O)CNCP(=O)(O)O,0.999947034280368,0.9990857875341843
AGTAGGCACTGATGCATGCGAACACCTGTGTACAGTATGCACCGATCCGTTATACATTTG,glyphosate,random,O=C(O)CNCP(=O)(O)O,0.9991029805541031,0.9968448651736209
ACGCGTACCAGGGGGGAGATAGACGGACCGTCGTCACAATTCACACGTTGCGCGGTCCCTTGACTGCACA,glyphosate,random,O=C(O)CNCP(=O)(O)O,0.9997661956921317,0.9987709687588971
ATCAATCGCTAATGATTTACGTTGAAGCCTTAGATTCTCATTACAGTTAAAACGGTCCGGAGGCCTAAAAGAAATGGCAG,glyphosate,random,O=C(O)CNCP(=O)(O)O,0.9999426654924618,0.9999554969094258
GGCGATCTAATATTGTACGAGCATCTGGATACGGGTGGGC,glyphosate,random,O=C(O)CNCP(=O)(O)O,0.9992260040863413,0.9789013822724816
GTTGGCACTGCTTGCCCAGGAACGCTGTGTCGTGACTTCGCGCCACGTCCACAAAGACTGACGTGTGGTTGGTGCCACGG,glyphosate,random,O=C(O)CNCP(=O)(O)O,0.997464983044255,0.9947452015737722
GTCTTATAACCGCGCAGATTGTTGAACCGCGATGCACGGGGGACGTTCATAATGCGCTCGGCGCCCCGGT,glyphosate,random,O=C(O)CNCP(=O)(O)O,0.9999315015101511,0.9999163633064814
ACTCCCCCTGATGTCAGAGTATTCAGCACATCTCCCGTACCTAATGTCATAGTATAGTTCACTCTACGTGCGGTGATTCG,glyphosate,random,O=C(O)CNCP(=O)(O)O,0.9998323575350714,0.9985156545177476
